[09-Jun-2025 19:38:55 Europe/Berlin] PHP Fatal error:  Uncaught mysqli_sql_exception: Unknown column 'e.department' in 'on clause' in C:\xampp\htdocs\emps\login.php:70
Stack trace:
#0 C:\xampp\htdocs\emps\login.php(70): mysqli->prepare('SELECT e.*, el....')
#1 {main}
  thrown in C:\xampp\htdocs\emps\login.php on line 70
[09-Jun-2025 19:45:31 Europe/Berlin] PHP Fatal error:  Uncaught mysqli_sql_exception: Unknown column 'e.department' in 'on clause' in C:\xampp\htdocs\emps\login.php:58
Stack trace:
#0 C:\xampp\htdocs\emps\login.php(58): mysqli->prepare('SELECT e.*, el....')
#1 {main}
  thrown in C:\xampp\htdocs\emps\login.php on line 58
[09-Jun-2025 20:03:30 Europe/Berlin] No active user found with email: hr@communikmarketing.com
[09-Jun-2025 20:06:39 Europe/Berlin] No user found with username: hr@communikmarketing.com
[09-Jun-2025 20:07:05 Europe/Berlin] No user found with username: hr@communikmarketing.com
[09-Jun-2025 20:07:33 Europe/Berlin] No user found with username: hr@communikmarketing.com
[09-Jun-2025 20:09:27 Europe/Berlin] Login successful for user: hr@communikmarketing.com with role: hr
[09-Jun-2025 20:09:27 Europe/Berlin] Redirecting to: hr_panel/index.php
[09-Jun-2025 20:09:30 Europe/Berlin] Login successful for user: hr@communikmarketing.com with role: hr
[09-Jun-2025 20:09:30 Europe/Berlin] Redirecting to: hr_panel/index.php
[09-Jun-2025 20:09:34 Europe/Berlin] Login successful for user: hr@communikmarketing.com with role: hr
[09-Jun-2025 20:09:34 Europe/Berlin] Redirecting to: hr_panel/index.php
[09-Jun-2025 20:09:37 Europe/Berlin] No user found with email: communikadmin@communikmarketing.com
[09-Jun-2025 20:10:25 Europe/Berlin] No user found with email: communikadmin@communikmarketing.com
[09-Jun-2025 20:10:41 Europe/Berlin] No user found with email: communikadmin@communikmarketing.com
[09-Jun-2025 20:10:49 Europe/Berlin] No user found with email: communikadmin@communikmarketing.com
[09-Jun-2025 20:19:17 Europe/Berlin] No user found with email: communikadmin@communikmarketing.com
[09-Jun-2025 20:19:21 Europe/Berlin] Employee login successful: hr@communikmarketing.com (Role: hr)
[09-Jun-2025 20:19:25 Europe/Berlin] No user found with email: communikadmin@communikmarketing.com
[09-Jun-2025 20:19:32 Europe/Berlin] Admin login successful: superadmin@communikmarketing.com (Type: super_admin)
[09-Jun-2025 20:19:47 Europe/Berlin] No user found with email: communikadmin@communikmarketing.com
[09-Jun-2025 20:23:04 Europe/Berlin] Admin login successful: communikadmin@communikmarketing.com (Type: admin)
[09-Jun-2025 20:23:23 Europe/Berlin] Admin login successful: communikadmin@communikmarketing.com (Type: admin)
[09-Jun-2025 20:23:40 Europe/Berlin] Employee login successful: hr@communikmarketing.com (Role: hr)
[09-Jun-2025 20:26:56 Europe/Berlin] Employee login successful: hr@communikmarketing.com (Role: hr)
[09-Jun-2025 20:28:05 Europe/Berlin] Employee login successful: hr@communikmarketing.com (Role: hr)
[09-Jun-2025 20:46:40 Europe/Berlin] No user found with email: communikadmin@communikmarketing.com
[09-Jun-2025 20:46:51 Europe/Berlin] No user found with email: communikadmin@communikmarketing.com
[09-Jun-2025 20:50:00 Europe/Berlin] Admin login successful: communikadmin@communikmarketing.com (Type: admin)
[09-Jun-2025 20:50:49 Europe/Berlin] Employee login successful: support@communikmarketing.com (Role: user)
[10-Jun-2025 06:15:56 Europe/Berlin] Employee login successful: support@communikmarketing.com (Role: user)
[10-Jun-2025 08:59:40 Europe/Berlin] Employee login successful: support@communikmarketing.com (Role: user)
[10-Jun-2025 09:25:30 Europe/Berlin] PHP Warning:  Cannot modify header information - headers already sent by (output started at C:\xampp\htdocs\emps\index.php:49) in C:\xampp\htdocs\emps\connection.php on line 55
[10-Jun-2025 09:25:30 Europe/Berlin] PHP Warning:  Cannot modify header information - headers already sent by (output started at C:\xampp\htdocs\emps\index.php:49) in C:\xampp\htdocs\emps\connection.php on line 56
[10-Jun-2025 09:25:30 Europe/Berlin] PHP Warning:  Cannot modify header information - headers already sent by (output started at C:\xampp\htdocs\emps\index.php:49) in C:\xampp\htdocs\emps\connection.php on line 57
[10-Jun-2025 09:25:30 Europe/Berlin] PHP Warning:  Cannot modify header information - headers already sent by (output started at C:\xampp\htdocs\emps\index.php:49) in C:\xampp\htdocs\emps\connection.php on line 58
[10-Jun-2025 09:25:30 Europe/Berlin] PHP Warning:  Cannot modify header information - headers already sent by (output started at C:\xampp\htdocs\emps\index.php:49) in C:\xampp\htdocs\emps\connection.php on line 55
[10-Jun-2025 09:25:30 Europe/Berlin] PHP Warning:  Cannot modify header information - headers already sent by (output started at C:\xampp\htdocs\emps\index.php:49) in C:\xampp\htdocs\emps\connection.php on line 56
[10-Jun-2025 09:25:30 Europe/Berlin] PHP Warning:  Cannot modify header information - headers already sent by (output started at C:\xampp\htdocs\emps\index.php:49) in C:\xampp\htdocs\emps\connection.php on line 57
[10-Jun-2025 09:25:30 Europe/Berlin] PHP Warning:  Cannot modify header information - headers already sent by (output started at C:\xampp\htdocs\emps\index.php:49) in C:\xampp\htdocs\emps\connection.php on line 58
[10-Jun-2025 09:25:30 Europe/Berlin] PHP Warning:  Cannot modify header information - headers already sent by (output started at C:\xampp\htdocs\emps\index.php:49) in C:\xampp\htdocs\emps\connection.php on line 55
[10-Jun-2025 09:25:30 Europe/Berlin] PHP Warning:  Cannot modify header information - headers already sent by (output started at C:\xampp\htdocs\emps\index.php:49) in C:\xampp\htdocs\emps\connection.php on line 56
[10-Jun-2025 09:25:30 Europe/Berlin] PHP Warning:  Cannot modify header information - headers already sent by (output started at C:\xampp\htdocs\emps\index.php:49) in C:\xampp\htdocs\emps\connection.php on line 57
[10-Jun-2025 09:25:30 Europe/Berlin] PHP Warning:  Cannot modify header information - headers already sent by (output started at C:\xampp\htdocs\emps\index.php:49) in C:\xampp\htdocs\emps\connection.php on line 58
[10-Jun-2025 09:25:30 Europe/Berlin] PHP Warning:  Cannot modify header information - headers already sent by (output started at C:\xampp\htdocs\emps\index.php:49) in C:\xampp\htdocs\emps\connection.php on line 55
[10-Jun-2025 09:25:30 Europe/Berlin] PHP Warning:  Cannot modify header information - headers already sent by (output started at C:\xampp\htdocs\emps\index.php:49) in C:\xampp\htdocs\emps\connection.php on line 56
[10-Jun-2025 09:25:30 Europe/Berlin] PHP Warning:  Cannot modify header information - headers already sent by (output started at C:\xampp\htdocs\emps\index.php:49) in C:\xampp\htdocs\emps\connection.php on line 57
[10-Jun-2025 09:25:30 Europe/Berlin] PHP Warning:  Cannot modify header information - headers already sent by (output started at C:\xampp\htdocs\emps\index.php:49) in C:\xampp\htdocs\emps\connection.php on line 58
[10-Jun-2025 09:25:34 Europe/Berlin] Employee login successful: support@communikmarketing.com (Role: user)
[10-Jun-2025 14:04:38 Europe/Berlin] Employee login successful: support@communikmarketing.com (Role: user)
[10-Jun-2025 14:22:35 Europe/Berlin] Employee login successful: support@communikmarketing.com (Role: user)
[10-Jun-2025 14:30:42 Europe/Berlin] Employee login successful: support@communikmarketing.com (Role: user)
[10-Jun-2025 21:11:13 Europe/Berlin] PHP Warning:  Cannot modify header information - headers already sent by (output started at C:\xampp\htdocs\emps\index.php:49) in C:\xampp\htdocs\emps\connection.php on line 55
[10-Jun-2025 21:11:13 Europe/Berlin] PHP Warning:  Cannot modify header information - headers already sent by (output started at C:\xampp\htdocs\emps\index.php:49) in C:\xampp\htdocs\emps\connection.php on line 56
[10-Jun-2025 21:11:13 Europe/Berlin] PHP Warning:  Cannot modify header information - headers already sent by (output started at C:\xampp\htdocs\emps\index.php:49) in C:\xampp\htdocs\emps\connection.php on line 57
[10-Jun-2025 21:11:13 Europe/Berlin] PHP Warning:  Cannot modify header information - headers already sent by (output started at C:\xampp\htdocs\emps\index.php:49) in C:\xampp\htdocs\emps\connection.php on line 58
[10-Jun-2025 21:11:13 Europe/Berlin] PHP Warning:  Cannot modify header information - headers already sent by (output started at C:\xampp\htdocs\emps\index.php:49) in C:\xampp\htdocs\emps\connection.php on line 55
[10-Jun-2025 21:11:13 Europe/Berlin] PHP Warning:  Cannot modify header information - headers already sent by (output started at C:\xampp\htdocs\emps\index.php:49) in C:\xampp\htdocs\emps\connection.php on line 56
[10-Jun-2025 21:11:13 Europe/Berlin] PHP Warning:  Cannot modify header information - headers already sent by (output started at C:\xampp\htdocs\emps\index.php:49) in C:\xampp\htdocs\emps\connection.php on line 57
[10-Jun-2025 21:11:13 Europe/Berlin] PHP Warning:  Cannot modify header information - headers already sent by (output started at C:\xampp\htdocs\emps\index.php:49) in C:\xampp\htdocs\emps\connection.php on line 58
[10-Jun-2025 21:11:13 Europe/Berlin] PHP Warning:  Cannot modify header information - headers already sent by (output started at C:\xampp\htdocs\emps\index.php:49) in C:\xampp\htdocs\emps\connection.php on line 55
[10-Jun-2025 21:11:13 Europe/Berlin] PHP Warning:  Cannot modify header information - headers already sent by (output started at C:\xampp\htdocs\emps\index.php:49) in C:\xampp\htdocs\emps\connection.php on line 56
[10-Jun-2025 21:11:13 Europe/Berlin] PHP Warning:  Cannot modify header information - headers already sent by (output started at C:\xampp\htdocs\emps\index.php:49) in C:\xampp\htdocs\emps\connection.php on line 57
[10-Jun-2025 21:11:13 Europe/Berlin] PHP Warning:  Cannot modify header information - headers already sent by (output started at C:\xampp\htdocs\emps\index.php:49) in C:\xampp\htdocs\emps\connection.php on line 58
[10-Jun-2025 21:11:13 Europe/Berlin] PHP Warning:  Cannot modify header information - headers already sent by (output started at C:\xampp\htdocs\emps\index.php:49) in C:\xampp\htdocs\emps\connection.php on line 55
[10-Jun-2025 21:11:13 Europe/Berlin] PHP Warning:  Cannot modify header information - headers already sent by (output started at C:\xampp\htdocs\emps\index.php:49) in C:\xampp\htdocs\emps\connection.php on line 56
[10-Jun-2025 21:11:13 Europe/Berlin] PHP Warning:  Cannot modify header information - headers already sent by (output started at C:\xampp\htdocs\emps\index.php:49) in C:\xampp\htdocs\emps\connection.php on line 57
[10-Jun-2025 21:11:13 Europe/Berlin] PHP Warning:  Cannot modify header information - headers already sent by (output started at C:\xampp\htdocs\emps\index.php:49) in C:\xampp\htdocs\emps\connection.php on line 58
[10-Jun-2025 21:11:21 Europe/Berlin] Employee login successful: hr@communikmarketing.com (Role: hr)
[10-Jun-2025 21:15:03 Europe/Berlin] Admin login successful: communikadmin@communikmarketing.com (Type: admin)
[11-Jun-2025 05:49:06 Europe/Berlin] Session validation failed: []
[11-Jun-2025 05:49:40 Europe/Berlin] Admin login successful: communikadmin@communikmarketing.com (Type: admin)
[11-Jun-2025 09:36:37 Europe/Berlin] Employee login successful: support@communikmarketing.com (Role: user)
[11-Jun-2025 09:38:50 Europe/Berlin] Admin login successful: communikadmin@communikmarketing.com (Type: admin)
[11-Jun-2025 09:57:44 Europe/Berlin] Employee login successful: support@communikmarketing.com (Role: user)
[11-Jun-2025 12:57:45 Europe/Berlin] PHP Warning:  Cannot modify header information - headers already sent by (output started at C:\xampp\htdocs\emps\index.php:49) in C:\xampp\htdocs\emps\connection.php on line 55
[11-Jun-2025 12:57:45 Europe/Berlin] PHP Warning:  Cannot modify header information - headers already sent by (output started at C:\xampp\htdocs\emps\index.php:49) in C:\xampp\htdocs\emps\connection.php on line 56
[11-Jun-2025 12:57:45 Europe/Berlin] PHP Warning:  Cannot modify header information - headers already sent by (output started at C:\xampp\htdocs\emps\index.php:49) in C:\xampp\htdocs\emps\connection.php on line 57
[11-Jun-2025 12:57:45 Europe/Berlin] PHP Warning:  Cannot modify header information - headers already sent by (output started at C:\xampp\htdocs\emps\index.php:49) in C:\xampp\htdocs\emps\connection.php on line 58
[11-Jun-2025 12:57:45 Europe/Berlin] PHP Warning:  Cannot modify header information - headers already sent by (output started at C:\xampp\htdocs\emps\index.php:49) in C:\xampp\htdocs\emps\connection.php on line 55
[11-Jun-2025 12:57:45 Europe/Berlin] PHP Warning:  Cannot modify header information - headers already sent by (output started at C:\xampp\htdocs\emps\index.php:49) in C:\xampp\htdocs\emps\connection.php on line 56
[11-Jun-2025 12:57:45 Europe/Berlin] PHP Warning:  Cannot modify header information - headers already sent by (output started at C:\xampp\htdocs\emps\index.php:49) in C:\xampp\htdocs\emps\connection.php on line 57
[11-Jun-2025 12:57:45 Europe/Berlin] PHP Warning:  Cannot modify header information - headers already sent by (output started at C:\xampp\htdocs\emps\index.php:49) in C:\xampp\htdocs\emps\connection.php on line 58
[11-Jun-2025 12:57:45 Europe/Berlin] PHP Warning:  Cannot modify header information - headers already sent by (output started at C:\xampp\htdocs\emps\index.php:49) in C:\xampp\htdocs\emps\connection.php on line 55
[11-Jun-2025 12:57:45 Europe/Berlin] PHP Warning:  Cannot modify header information - headers already sent by (output started at C:\xampp\htdocs\emps\index.php:49) in C:\xampp\htdocs\emps\connection.php on line 56
[11-Jun-2025 12:57:45 Europe/Berlin] PHP Warning:  Cannot modify header information - headers already sent by (output started at C:\xampp\htdocs\emps\index.php:49) in C:\xampp\htdocs\emps\connection.php on line 57
[11-Jun-2025 12:57:45 Europe/Berlin] PHP Warning:  Cannot modify header information - headers already sent by (output started at C:\xampp\htdocs\emps\index.php:49) in C:\xampp\htdocs\emps\connection.php on line 58
[11-Jun-2025 12:57:45 Europe/Berlin] PHP Warning:  Cannot modify header information - headers already sent by (output started at C:\xampp\htdocs\emps\index.php:49) in C:\xampp\htdocs\emps\connection.php on line 55
[11-Jun-2025 12:57:45 Europe/Berlin] PHP Warning:  Cannot modify header information - headers already sent by (output started at C:\xampp\htdocs\emps\index.php:49) in C:\xampp\htdocs\emps\connection.php on line 56
[11-Jun-2025 12:57:45 Europe/Berlin] PHP Warning:  Cannot modify header information - headers already sent by (output started at C:\xampp\htdocs\emps\index.php:49) in C:\xampp\htdocs\emps\connection.php on line 57
[11-Jun-2025 12:57:45 Europe/Berlin] PHP Warning:  Cannot modify header information - headers already sent by (output started at C:\xampp\htdocs\emps\index.php:49) in C:\xampp\htdocs\emps\connection.php on line 58
[11-Jun-2025 12:57:53 Europe/Berlin] Admin login successful: communikadmin@communikmarketing.com (Type: admin)
[11-Jun-2025 13:28:13 Europe/Berlin] Employee login successful: support@communikmarketing.com (Role: user)
[11-Jun-2025 18:23:20 Europe/Berlin] PHP Warning:  Cannot modify header information - headers already sent by (output started at C:\xampp\htdocs\emps\index.php:49) in C:\xampp\htdocs\emps\connection.php on line 55
[11-Jun-2025 18:23:20 Europe/Berlin] PHP Warning:  Cannot modify header information - headers already sent by (output started at C:\xampp\htdocs\emps\index.php:49) in C:\xampp\htdocs\emps\connection.php on line 56
[11-Jun-2025 18:23:20 Europe/Berlin] PHP Warning:  Cannot modify header information - headers already sent by (output started at C:\xampp\htdocs\emps\index.php:49) in C:\xampp\htdocs\emps\connection.php on line 57
[11-Jun-2025 18:23:20 Europe/Berlin] PHP Warning:  Cannot modify header information - headers already sent by (output started at C:\xampp\htdocs\emps\index.php:49) in C:\xampp\htdocs\emps\connection.php on line 58
[11-Jun-2025 18:23:20 Europe/Berlin] PHP Warning:  Cannot modify header information - headers already sent by (output started at C:\xampp\htdocs\emps\index.php:49) in C:\xampp\htdocs\emps\connection.php on line 55
[11-Jun-2025 18:23:20 Europe/Berlin] PHP Warning:  Cannot modify header information - headers already sent by (output started at C:\xampp\htdocs\emps\index.php:49) in C:\xampp\htdocs\emps\connection.php on line 56
[11-Jun-2025 18:23:20 Europe/Berlin] PHP Warning:  Cannot modify header information - headers already sent by (output started at C:\xampp\htdocs\emps\index.php:49) in C:\xampp\htdocs\emps\connection.php on line 57
[11-Jun-2025 18:23:20 Europe/Berlin] PHP Warning:  Cannot modify header information - headers already sent by (output started at C:\xampp\htdocs\emps\index.php:49) in C:\xampp\htdocs\emps\connection.php on line 58
[11-Jun-2025 18:23:20 Europe/Berlin] PHP Warning:  Cannot modify header information - headers already sent by (output started at C:\xampp\htdocs\emps\index.php:49) in C:\xampp\htdocs\emps\connection.php on line 55
[11-Jun-2025 18:23:20 Europe/Berlin] PHP Warning:  Cannot modify header information - headers already sent by (output started at C:\xampp\htdocs\emps\index.php:49) in C:\xampp\htdocs\emps\connection.php on line 56
[11-Jun-2025 18:23:20 Europe/Berlin] PHP Warning:  Cannot modify header information - headers already sent by (output started at C:\xampp\htdocs\emps\index.php:49) in C:\xampp\htdocs\emps\connection.php on line 57
[11-Jun-2025 18:23:20 Europe/Berlin] PHP Warning:  Cannot modify header information - headers already sent by (output started at C:\xampp\htdocs\emps\index.php:49) in C:\xampp\htdocs\emps\connection.php on line 58
[11-Jun-2025 18:23:20 Europe/Berlin] PHP Warning:  Cannot modify header information - headers already sent by (output started at C:\xampp\htdocs\emps\index.php:49) in C:\xampp\htdocs\emps\connection.php on line 55
[11-Jun-2025 18:23:20 Europe/Berlin] PHP Warning:  Cannot modify header information - headers already sent by (output started at C:\xampp\htdocs\emps\index.php:49) in C:\xampp\htdocs\emps\connection.php on line 56
[11-Jun-2025 18:23:20 Europe/Berlin] PHP Warning:  Cannot modify header information - headers already sent by (output started at C:\xampp\htdocs\emps\index.php:49) in C:\xampp\htdocs\emps\connection.php on line 57
[11-Jun-2025 18:23:20 Europe/Berlin] PHP Warning:  Cannot modify header information - headers already sent by (output started at C:\xampp\htdocs\emps\index.php:49) in C:\xampp\htdocs\emps\connection.php on line 58
[11-Jun-2025 18:23:25 Europe/Berlin] Employee login successful: support@communikmarketing.com (Role: user)
[11-Jun-2025 19:51:57 Europe/Berlin] Employee login successful: hr@communikmarketing.com (Role: hr)
[11-Jun-2025 19:52:07 Europe/Berlin] Admin login successful: communikadmin@communikmarketing.com (Type: admin)
[11-Jun-2025 19:56:10 Europe/Berlin] Admin login successful: communikadmin@communikmarketing.com (Type: admin)
[11-Jun-2025 19:58:50 Europe/Berlin] Employee login successful: cv@communikmarketing.com (Role: user)
[11-Jun-2025 20:36:43 Europe/Berlin] PHP Warning:  Undefined variable $emp_numeric_id in C:\xampp\htdocs\emps\user_panel\sidebar.php on line 101
[11-Jun-2025 20:39:55 Europe/Berlin] PHP Warning:  Undefined variable $emp_numeric_id in C:\xampp\htdocs\emps\user_panel\sidebar.php on line 101
[12-Jun-2025 14:37:54 Europe/Berlin] Employee login successful: cv@communikmarketing.com (Role: user)
[12-Jun-2025 14:37:55 Europe/Berlin] PHP Warning:  Undefined array key "user_id" in C:\xampp\htdocs\emps\user_panel\index.php on line 255
[12-Jun-2025 14:37:55 Europe/Berlin] PHP Warning:  Undefined array key "user_id" in C:\xampp\htdocs\emps\user_panel\index.php on line 333
[12-Jun-2025 14:37:55 Europe/Berlin] PHP Warning:  Undefined array key "user_id" in C:\xampp\htdocs\emps\user_panel\index.php on line 378
[13-Jun-2025 10:51:38 Europe/Berlin] Employee login successful: cv@communikmarketing.com (Role: user)
[13-Jun-2025 10:51:38 Europe/Berlin] PHP Warning:  Undefined array key "user_id" in C:\xampp\htdocs\emps\user_panel\index.php on line 255
[13-Jun-2025 10:51:38 Europe/Berlin] PHP Warning:  Undefined array key "user_id" in C:\xampp\htdocs\emps\user_panel\index.php on line 333
[13-Jun-2025 10:51:38 Europe/Berlin] PHP Warning:  Undefined array key "user_id" in C:\xampp\htdocs\emps\user_panel\index.php on line 378
[13-Jun-2025 17:10:17 Europe/Berlin] PHP Warning:  Cannot modify header information - headers already sent by (output started at C:\xampp\htdocs\emps\index.php:49) in C:\xampp\htdocs\emps\connection.php on line 55
[13-Jun-2025 17:10:17 Europe/Berlin] PHP Warning:  Cannot modify header information - headers already sent by (output started at C:\xampp\htdocs\emps\index.php:49) in C:\xampp\htdocs\emps\connection.php on line 56
[13-Jun-2025 17:10:17 Europe/Berlin] PHP Warning:  Cannot modify header information - headers already sent by (output started at C:\xampp\htdocs\emps\index.php:49) in C:\xampp\htdocs\emps\connection.php on line 57
[13-Jun-2025 17:10:17 Europe/Berlin] PHP Warning:  Cannot modify header information - headers already sent by (output started at C:\xampp\htdocs\emps\index.php:49) in C:\xampp\htdocs\emps\connection.php on line 58
[13-Jun-2025 17:10:17 Europe/Berlin] PHP Warning:  Cannot modify header information - headers already sent by (output started at C:\xampp\htdocs\emps\index.php:49) in C:\xampp\htdocs\emps\connection.php on line 55
[13-Jun-2025 17:10:17 Europe/Berlin] PHP Warning:  Cannot modify header information - headers already sent by (output started at C:\xampp\htdocs\emps\index.php:49) in C:\xampp\htdocs\emps\connection.php on line 56
[13-Jun-2025 17:10:17 Europe/Berlin] PHP Warning:  Cannot modify header information - headers already sent by (output started at C:\xampp\htdocs\emps\index.php:49) in C:\xampp\htdocs\emps\connection.php on line 57
[13-Jun-2025 17:10:17 Europe/Berlin] PHP Warning:  Cannot modify header information - headers already sent by (output started at C:\xampp\htdocs\emps\index.php:49) in C:\xampp\htdocs\emps\connection.php on line 58
[13-Jun-2025 17:10:17 Europe/Berlin] PHP Warning:  Cannot modify header information - headers already sent by (output started at C:\xampp\htdocs\emps\index.php:49) in C:\xampp\htdocs\emps\connection.php on line 55
[13-Jun-2025 17:10:17 Europe/Berlin] PHP Warning:  Cannot modify header information - headers already sent by (output started at C:\xampp\htdocs\emps\index.php:49) in C:\xampp\htdocs\emps\connection.php on line 56
[13-Jun-2025 17:10:17 Europe/Berlin] PHP Warning:  Cannot modify header information - headers already sent by (output started at C:\xampp\htdocs\emps\index.php:49) in C:\xampp\htdocs\emps\connection.php on line 57
[13-Jun-2025 17:10:17 Europe/Berlin] PHP Warning:  Cannot modify header information - headers already sent by (output started at C:\xampp\htdocs\emps\index.php:49) in C:\xampp\htdocs\emps\connection.php on line 58
[13-Jun-2025 17:10:17 Europe/Berlin] PHP Warning:  Cannot modify header information - headers already sent by (output started at C:\xampp\htdocs\emps\index.php:49) in C:\xampp\htdocs\emps\connection.php on line 55
[13-Jun-2025 17:10:17 Europe/Berlin] PHP Warning:  Cannot modify header information - headers already sent by (output started at C:\xampp\htdocs\emps\index.php:49) in C:\xampp\htdocs\emps\connection.php on line 56
[13-Jun-2025 17:10:17 Europe/Berlin] PHP Warning:  Cannot modify header information - headers already sent by (output started at C:\xampp\htdocs\emps\index.php:49) in C:\xampp\htdocs\emps\connection.php on line 57
[13-Jun-2025 17:10:17 Europe/Berlin] PHP Warning:  Cannot modify header information - headers already sent by (output started at C:\xampp\htdocs\emps\index.php:49) in C:\xampp\htdocs\emps\connection.php on line 58
[13-Jun-2025 17:10:21 Europe/Berlin] Employee login successful: cv@communikmarketing.com (Role: user)
[13-Jun-2025 17:10:22 Europe/Berlin] PHP Warning:  Undefined array key "user_id" in C:\xampp\htdocs\emps\user_panel\index.php on line 255
[13-Jun-2025 17:10:22 Europe/Berlin] PHP Warning:  Undefined array key "user_id" in C:\xampp\htdocs\emps\user_panel\index.php on line 333
[13-Jun-2025 17:10:22 Europe/Berlin] PHP Warning:  Undefined array key "user_id" in C:\xampp\htdocs\emps\user_panel\index.php on line 378
[13-Jun-2025 19:09:00 Europe/Berlin] Employee login successful: hr@communikmarketing.com (Role: hr)
[13-Jun-2025 20:33:42 Europe/Berlin] PHP Warning:  Cannot modify header information - headers already sent by (output started at C:\xampp\htdocs\emps\index.php:49) in C:\xampp\htdocs\emps\connection.php on line 55
[13-Jun-2025 20:33:42 Europe/Berlin] PHP Warning:  Cannot modify header information - headers already sent by (output started at C:\xampp\htdocs\emps\index.php:49) in C:\xampp\htdocs\emps\connection.php on line 56
[13-Jun-2025 20:33:42 Europe/Berlin] PHP Warning:  Cannot modify header information - headers already sent by (output started at C:\xampp\htdocs\emps\index.php:49) in C:\xampp\htdocs\emps\connection.php on line 57
[13-Jun-2025 20:33:42 Europe/Berlin] PHP Warning:  Cannot modify header information - headers already sent by (output started at C:\xampp\htdocs\emps\index.php:49) in C:\xampp\htdocs\emps\connection.php on line 58
[13-Jun-2025 20:33:42 Europe/Berlin] PHP Warning:  Cannot modify header information - headers already sent by (output started at C:\xampp\htdocs\emps\index.php:49) in C:\xampp\htdocs\emps\connection.php on line 55
[13-Jun-2025 20:33:42 Europe/Berlin] PHP Warning:  Cannot modify header information - headers already sent by (output started at C:\xampp\htdocs\emps\index.php:49) in C:\xampp\htdocs\emps\connection.php on line 56
[13-Jun-2025 20:33:42 Europe/Berlin] PHP Warning:  Cannot modify header information - headers already sent by (output started at C:\xampp\htdocs\emps\index.php:49) in C:\xampp\htdocs\emps\connection.php on line 57
[13-Jun-2025 20:33:42 Europe/Berlin] PHP Warning:  Cannot modify header information - headers already sent by (output started at C:\xampp\htdocs\emps\index.php:49) in C:\xampp\htdocs\emps\connection.php on line 58
[13-Jun-2025 20:33:42 Europe/Berlin] PHP Warning:  Cannot modify header information - headers already sent by (output started at C:\xampp\htdocs\emps\index.php:49) in C:\xampp\htdocs\emps\connection.php on line 55
[13-Jun-2025 20:33:42 Europe/Berlin] PHP Warning:  Cannot modify header information - headers already sent by (output started at C:\xampp\htdocs\emps\index.php:49) in C:\xampp\htdocs\emps\connection.php on line 56
[13-Jun-2025 20:33:42 Europe/Berlin] PHP Warning:  Cannot modify header information - headers already sent by (output started at C:\xampp\htdocs\emps\index.php:49) in C:\xampp\htdocs\emps\connection.php on line 57
[13-Jun-2025 20:33:42 Europe/Berlin] PHP Warning:  Cannot modify header information - headers already sent by (output started at C:\xampp\htdocs\emps\index.php:49) in C:\xampp\htdocs\emps\connection.php on line 58
[13-Jun-2025 20:33:42 Europe/Berlin] PHP Warning:  Cannot modify header information - headers already sent by (output started at C:\xampp\htdocs\emps\index.php:49) in C:\xampp\htdocs\emps\connection.php on line 55
[13-Jun-2025 20:33:42 Europe/Berlin] PHP Warning:  Cannot modify header information - headers already sent by (output started at C:\xampp\htdocs\emps\index.php:49) in C:\xampp\htdocs\emps\connection.php on line 56
[13-Jun-2025 20:33:42 Europe/Berlin] PHP Warning:  Cannot modify header information - headers already sent by (output started at C:\xampp\htdocs\emps\index.php:49) in C:\xampp\htdocs\emps\connection.php on line 57
[13-Jun-2025 20:33:42 Europe/Berlin] PHP Warning:  Cannot modify header information - headers already sent by (output started at C:\xampp\htdocs\emps\index.php:49) in C:\xampp\htdocs\emps\connection.php on line 58
[13-Jun-2025 20:33:47 Europe/Berlin] Employee login successful: hr@communikmarketing.com (Role: hr)
[13-Jun-2025 20:43:31 Europe/Berlin] Employee login successful: hr@communikmarketing.com (Role: hr)
[13-Jun-2025 21:06:29 Europe/Berlin] PHP Warning:  Cannot modify header information - headers already sent by (output started at C:\xampp\htdocs\emps\index.php:49) in C:\xampp\htdocs\emps\connection.php on line 55
[13-Jun-2025 21:06:29 Europe/Berlin] PHP Warning:  Cannot modify header information - headers already sent by (output started at C:\xampp\htdocs\emps\index.php:49) in C:\xampp\htdocs\emps\connection.php on line 56
[13-Jun-2025 21:06:29 Europe/Berlin] PHP Warning:  Cannot modify header information - headers already sent by (output started at C:\xampp\htdocs\emps\index.php:49) in C:\xampp\htdocs\emps\connection.php on line 57
[13-Jun-2025 21:06:29 Europe/Berlin] PHP Warning:  Cannot modify header information - headers already sent by (output started at C:\xampp\htdocs\emps\index.php:49) in C:\xampp\htdocs\emps\connection.php on line 58
[13-Jun-2025 21:06:29 Europe/Berlin] PHP Warning:  Cannot modify header information - headers already sent by (output started at C:\xampp\htdocs\emps\index.php:49) in C:\xampp\htdocs\emps\connection.php on line 55
[13-Jun-2025 21:06:29 Europe/Berlin] PHP Warning:  Cannot modify header information - headers already sent by (output started at C:\xampp\htdocs\emps\index.php:49) in C:\xampp\htdocs\emps\connection.php on line 56
[13-Jun-2025 21:06:29 Europe/Berlin] PHP Warning:  Cannot modify header information - headers already sent by (output started at C:\xampp\htdocs\emps\index.php:49) in C:\xampp\htdocs\emps\connection.php on line 57
[13-Jun-2025 21:06:29 Europe/Berlin] PHP Warning:  Cannot modify header information - headers already sent by (output started at C:\xampp\htdocs\emps\index.php:49) in C:\xampp\htdocs\emps\connection.php on line 58
[13-Jun-2025 21:06:29 Europe/Berlin] PHP Warning:  Cannot modify header information - headers already sent by (output started at C:\xampp\htdocs\emps\index.php:49) in C:\xampp\htdocs\emps\connection.php on line 55
[13-Jun-2025 21:06:29 Europe/Berlin] PHP Warning:  Cannot modify header information - headers already sent by (output started at C:\xampp\htdocs\emps\index.php:49) in C:\xampp\htdocs\emps\connection.php on line 56
[13-Jun-2025 21:06:29 Europe/Berlin] PHP Warning:  Cannot modify header information - headers already sent by (output started at C:\xampp\htdocs\emps\index.php:49) in C:\xampp\htdocs\emps\connection.php on line 57
[13-Jun-2025 21:06:29 Europe/Berlin] PHP Warning:  Cannot modify header information - headers already sent by (output started at C:\xampp\htdocs\emps\index.php:49) in C:\xampp\htdocs\emps\connection.php on line 58
[13-Jun-2025 21:06:29 Europe/Berlin] PHP Warning:  Cannot modify header information - headers already sent by (output started at C:\xampp\htdocs\emps\index.php:49) in C:\xampp\htdocs\emps\connection.php on line 55
[13-Jun-2025 21:06:29 Europe/Berlin] PHP Warning:  Cannot modify header information - headers already sent by (output started at C:\xampp\htdocs\emps\index.php:49) in C:\xampp\htdocs\emps\connection.php on line 56
[13-Jun-2025 21:06:29 Europe/Berlin] PHP Warning:  Cannot modify header information - headers already sent by (output started at C:\xampp\htdocs\emps\index.php:49) in C:\xampp\htdocs\emps\connection.php on line 57
[13-Jun-2025 21:06:29 Europe/Berlin] PHP Warning:  Cannot modify header information - headers already sent by (output started at C:\xampp\htdocs\emps\index.php:49) in C:\xampp\htdocs\emps\connection.php on line 58
[13-Jun-2025 21:06:34 Europe/Berlin] Employee login successful: hr@communikmarketing.com (Role: hr)
[13-Jun-2025 21:06:49 Europe/Berlin] PHP Warning:  Undefined array key "user_id" in C:\xampp\htdocs\emps\user_panel\index.php on line 255
[13-Jun-2025 21:06:49 Europe/Berlin] PHP Warning:  Undefined array key "user_id" in C:\xampp\htdocs\emps\user_panel\index.php on line 333
[13-Jun-2025 21:06:49 Europe/Berlin] PHP Warning:  Undefined array key "user_id" in C:\xampp\htdocs\emps\user_panel\index.php on line 378
[14-Jun-2025 06:02:22 Europe/Berlin] Admin login successful: communikadmin@communikmarketing.com (Type: admin)
[14-Jun-2025 19:18:49 Europe/Berlin] No user found with email: admin
[14-Jun-2025 19:18:56 Europe/Berlin] Admin login successful: communikadmin@communikmarketing.com (Type: admin)
[14-Jun-2025 19:30:08 Europe/Berlin] Admin login successful: communikadmin@communikmarketing.com (Type: admin)
[14-Jun-2025 19:30:17 Europe/Berlin] PHP Warning:  Undefined variable $conn in C:\xampp\htdocs\emps\esignature\index.php on line 20
[14-Jun-2025 19:30:17 Europe/Berlin] PHP Fatal error:  Uncaught Error: Call to a member function prepare() on null in C:\xampp\htdocs\emps\esignature\index.php:20
Stack trace:
#0 {main}
  thrown in C:\xampp\htdocs\emps\esignature\index.php on line 20
[14-Jun-2025 19:30:47 Europe/Berlin] PHP Fatal error:  Uncaught mysqli_sql_exception: Unknown column 'name' in 'field list' in C:\xampp\htdocs\emps\esignature\index.php:34
Stack trace:
#0 C:\xampp\htdocs\emps\esignature\index.php(34): mysqli->prepare('SELECT name FRO...')
#1 {main}
  thrown in C:\xampp\htdocs\emps\esignature\index.php on line 34
[14-Jun-2025 19:35:24 Europe/Berlin] PHP Fatal error:  Uncaught mysqli_sql_exception: Unknown column 'name' in 'field list' in C:\xampp\htdocs\emps\esignature\index.php:34
Stack trace:
#0 C:\xampp\htdocs\emps\esignature\index.php(34): mysqli->prepare('SELECT name FRO...')
#1 {main}
  thrown in C:\xampp\htdocs\emps\esignature\index.php on line 34
[14-Jun-2025 19:35:24 Europe/Berlin] PHP Fatal error:  Uncaught mysqli_sql_exception: Unknown column 'name' in 'field list' in C:\xampp\htdocs\emps\esignature\index.php:34
Stack trace:
#0 C:\xampp\htdocs\emps\esignature\index.php(34): mysqli->prepare('SELECT name FRO...')
#1 {main}
  thrown in C:\xampp\htdocs\emps\esignature\index.php on line 34
[14-Jun-2025 19:36:16 Europe/Berlin] Admin login successful: communikadmin@communikmarketing.com (Type: admin)
[14-Jun-2025 19:43:05 Europe/Berlin] Admin login successful: communikadmin@communikmarketing.com (Type: admin)
[14-Jun-2025 19:47:25 Europe/Berlin] Admin login successful: communikadmin@communikmarketing.com (Type: admin)
[14-Jun-2025 20:24:05 Europe/Berlin] PHP Warning:  Undefined variable $pending_count in C:\xampp\htdocs\emps\esignature\includes\sidebar.php on line 37
[14-Jun-2025 20:24:37 Europe/Berlin] PHP Warning:  Undefined variable $conn in C:\xampp\htdocs\emps\esignature\pending.php on line 69
[14-Jun-2025 20:24:37 Europe/Berlin] PHP Fatal error:  Uncaught Error: Call to a member function prepare() on null in C:\xampp\htdocs\emps\esignature\pending.php:69
Stack trace:
#0 {main}
  thrown in C:\xampp\htdocs\emps\esignature\pending.php on line 69
[14-Jun-2025 20:27:40 Europe/Berlin] PHP Warning:  Undefined variable $conn in C:\xampp\htdocs\emps\esignature\pending.php on line 69
[14-Jun-2025 20:27:40 Europe/Berlin] PHP Fatal error:  Uncaught Error: Call to a member function prepare() on null in C:\xampp\htdocs\emps\esignature\pending.php:69
Stack trace:
#0 {main}
  thrown in C:\xampp\htdocs\emps\esignature\pending.php on line 69
[14-Jun-2025 20:30:44 Europe/Berlin] PHP Warning:  Undefined variable $conn in C:\xampp\htdocs\emps\esignature\pending.php on line 69
[14-Jun-2025 20:30:44 Europe/Berlin] PHP Fatal error:  Uncaught Error: Call to a member function prepare() on null in C:\xampp\htdocs\emps\esignature\pending.php:69
Stack trace:
#0 {main}
  thrown in C:\xampp\htdocs\emps\esignature\pending.php on line 69
[14-Jun-2025 20:31:15 Europe/Berlin] PHP Fatal error:  Uncaught mysqli_sql_exception: Unknown column 'e.name' in 'field list' in C:\xampp\htdocs\emps\esignature\pending.php:69
Stack trace:
#0 C:\xampp\htdocs\emps\esignature\pending.php(69): mysqli->prepare('SELECT d.*, e.n...')
#1 {main}
  thrown in C:\xampp\htdocs\emps\esignature\pending.php on line 69
[14-Jun-2025 20:36:41 Europe/Berlin] PHP Fatal error:  Uncaught mysqli_sql_exception: Unknown column 'e.name' in 'field list' in C:\xampp\htdocs\emps\esignature\pending.php:69
Stack trace:
#0 C:\xampp\htdocs\emps\esignature\pending.php(69): mysqli->prepare('SELECT d.*, e.n...')
#1 {main}
  thrown in C:\xampp\htdocs\emps\esignature\pending.php on line 69
[14-Jun-2025 20:36:42 Europe/Berlin] PHP Fatal error:  Uncaught mysqli_sql_exception: Unknown column 'e.name' in 'field list' in C:\xampp\htdocs\emps\esignature\pending.php:69
Stack trace:
#0 C:\xampp\htdocs\emps\esignature\pending.php(69): mysqli->prepare('SELECT d.*, e.n...')
#1 {main}
  thrown in C:\xampp\htdocs\emps\esignature\pending.php on line 69
[14-Jun-2025 20:56:12 Europe/Berlin] PHP Fatal error:  Uncaught mysqli_sql_exception: Unknown column 'e.name' in 'field list' in C:\xampp\htdocs\emps\esignature\pending.php:69
Stack trace:
#0 C:\xampp\htdocs\emps\esignature\pending.php(69): mysqli->prepare('SELECT d.*, e.n...')
#1 {main}
  thrown in C:\xampp\htdocs\emps\esignature\pending.php on line 69
[14-Jun-2025 20:56:13 Europe/Berlin] PHP Fatal error:  Uncaught mysqli_sql_exception: Unknown column 'e.name' in 'field list' in C:\xampp\htdocs\emps\esignature\pending.php:69
Stack trace:
#0 C:\xampp\htdocs\emps\esignature\pending.php(69): mysqli->prepare('SELECT d.*, e.n...')
#1 {main}
  thrown in C:\xampp\htdocs\emps\esignature\pending.php on line 69
[14-Jun-2025 21:00:18 Europe/Berlin] PHP Fatal error:  Uncaught mysqli_sql_exception: Unknown column 'w.sequence' in 'field list' in C:\xampp\htdocs\emps\esignature\pending.php:77
Stack trace:
#0 C:\xampp\htdocs\emps\esignature\pending.php(77): mysqli->prepare('SELECT d.*, e.f...')
#1 {main}
  thrown in C:\xampp\htdocs\emps\esignature\pending.php on line 77
[14-Jun-2025 21:00:19 Europe/Berlin] PHP Fatal error:  Uncaught mysqli_sql_exception: Unknown column 'w.sequence' in 'field list' in C:\xampp\htdocs\emps\esignature\pending.php:77
Stack trace:
#0 C:\xampp\htdocs\emps\esignature\pending.php(77): mysqli->prepare('SELECT d.*, e.f...')
#1 {main}
  thrown in C:\xampp\htdocs\emps\esignature\pending.php on line 77
[14-Jun-2025 21:00:19 Europe/Berlin] PHP Fatal error:  Uncaught mysqli_sql_exception: Unknown column 'w.sequence' in 'field list' in C:\xampp\htdocs\emps\esignature\pending.php:77
Stack trace:
#0 C:\xampp\htdocs\emps\esignature\pending.php(77): mysqli->prepare('SELECT d.*, e.f...')
#1 {main}
  thrown in C:\xampp\htdocs\emps\esignature\pending.php on line 77
[14-Jun-2025 21:00:19 Europe/Berlin] PHP Fatal error:  Uncaught mysqli_sql_exception: Unknown column 'w.sequence' in 'field list' in C:\xampp\htdocs\emps\esignature\pending.php:77
Stack trace:
#0 C:\xampp\htdocs\emps\esignature\pending.php(77): mysqli->prepare('SELECT d.*, e.f...')
#1 {main}
  thrown in C:\xampp\htdocs\emps\esignature\pending.php on line 77
[14-Jun-2025 21:00:19 Europe/Berlin] PHP Fatal error:  Uncaught mysqli_sql_exception: Unknown column 'w.sequence' in 'field list' in C:\xampp\htdocs\emps\esignature\pending.php:77
Stack trace:
#0 C:\xampp\htdocs\emps\esignature\pending.php(77): mysqli->prepare('SELECT d.*, e.f...')
#1 {main}
  thrown in C:\xampp\htdocs\emps\esignature\pending.php on line 77
[14-Jun-2025 21:00:19 Europe/Berlin] PHP Fatal error:  Uncaught mysqli_sql_exception: Unknown column 'w.sequence' in 'field list' in C:\xampp\htdocs\emps\esignature\pending.php:77
Stack trace:
#0 C:\xampp\htdocs\emps\esignature\pending.php(77): mysqli->prepare('SELECT d.*, e.f...')
#1 {main}
  thrown in C:\xampp\htdocs\emps\esignature\pending.php on line 77
[14-Jun-2025 21:00:20 Europe/Berlin] PHP Fatal error:  Uncaught mysqli_sql_exception: Unknown column 'w.sequence' in 'field list' in C:\xampp\htdocs\emps\esignature\pending.php:77
Stack trace:
#0 C:\xampp\htdocs\emps\esignature\pending.php(77): mysqli->prepare('SELECT d.*, e.f...')
#1 {main}
  thrown in C:\xampp\htdocs\emps\esignature\pending.php on line 77
[14-Jun-2025 21:00:20 Europe/Berlin] PHP Fatal error:  Uncaught mysqli_sql_exception: Unknown column 'w.sequence' in 'field list' in C:\xampp\htdocs\emps\esignature\pending.php:77
Stack trace:
#0 C:\xampp\htdocs\emps\esignature\pending.php(77): mysqli->prepare('SELECT d.*, e.f...')
#1 {main}
  thrown in C:\xampp\htdocs\emps\esignature\pending.php on line 77
[14-Jun-2025 21:08:39 Europe/Berlin] PHP Fatal error:  Uncaught mysqli_sql_exception: Table 'employees_management.esign_templates' doesn't exist in C:\xampp\htdocs\emps\esignature\templates.php:72
Stack trace:
#0 C:\xampp\htdocs\emps\esignature\templates.php(72): mysqli->query('SELECT * FROM e...')
#1 {main}
  thrown in C:\xampp\htdocs\emps\esignature\templates.php on line 72
[14-Jun-2025 21:14:53 Europe/Berlin] PHP Fatal error:  Uncaught mysqli_sql_exception: Table 'employees_management.esign_templates' doesn't exist in C:\xampp\htdocs\emps\esignature\templates.php:72
Stack trace:
#0 C:\xampp\htdocs\emps\esignature\templates.php(72): mysqli->query('SELECT * FROM e...')
#1 {main}
  thrown in C:\xampp\htdocs\emps\esignature\templates.php on line 72
[14-Jun-2025 21:14:54 Europe/Berlin] PHP Fatal error:  Uncaught mysqli_sql_exception: Table 'employees_management.esign_templates' doesn't exist in C:\xampp\htdocs\emps\esignature\templates.php:72
Stack trace:
#0 C:\xampp\htdocs\emps\esignature\templates.php(72): mysqli->query('SELECT * FROM e...')
#1 {main}
  thrown in C:\xampp\htdocs\emps\esignature\templates.php on line 72
[14-Jun-2025 21:14:54 Europe/Berlin] PHP Fatal error:  Uncaught mysqli_sql_exception: Table 'employees_management.esign_templates' doesn't exist in C:\xampp\htdocs\emps\esignature\templates.php:72
Stack trace:
#0 C:\xampp\htdocs\emps\esignature\templates.php(72): mysqli->query('SELECT * FROM e...')
#1 {main}
  thrown in C:\xampp\htdocs\emps\esignature\templates.php on line 72
[14-Jun-2025 21:14:54 Europe/Berlin] PHP Fatal error:  Uncaught mysqli_sql_exception: Table 'employees_management.esign_templates' doesn't exist in C:\xampp\htdocs\emps\esignature\templates.php:72
Stack trace:
#0 C:\xampp\htdocs\emps\esignature\templates.php(72): mysqli->query('SELECT * FROM e...')
#1 {main}
  thrown in C:\xampp\htdocs\emps\esignature\templates.php on line 72
[14-Jun-2025 21:14:54 Europe/Berlin] PHP Fatal error:  Uncaught mysqli_sql_exception: Table 'employees_management.esign_templates' doesn't exist in C:\xampp\htdocs\emps\esignature\templates.php:72
Stack trace:
#0 C:\xampp\htdocs\emps\esignature\templates.php(72): mysqli->query('SELECT * FROM e...')
#1 {main}
  thrown in C:\xampp\htdocs\emps\esignature\templates.php on line 72
[14-Jun-2025 21:33:35 Europe/Berlin] PHP Fatal error:  Uncaught mysqli_sql_exception: Table 'employees_management.esign_settings' doesn't exist in C:\xampp\htdocs\emps\esignature\settings.php:72
Stack trace:
#0 C:\xampp\htdocs\emps\esignature\settings.php(72): mysqli->prepare('SELECT * FROM e...')
#1 {main}
  thrown in C:\xampp\htdocs\emps\esignature\settings.php on line 72
[14-Jun-2025 21:34:28 Europe/Berlin] PHP Fatal error:  Uncaught ArgumentCountError: The number of elements in the type definition string must match the number of bind variables in C:\xampp\htdocs\emps\esignature\settings.php:106
Stack trace:
#0 C:\xampp\htdocs\emps\esignature\settings.php(106): mysqli_stmt->bind_param('isiiiiii', 4, 'upload', '1', 0, '30', '1', '3')
#1 {main}
  thrown in C:\xampp\htdocs\emps\esignature\settings.php on line 106
[14-Jun-2025 21:48:48 Europe/Berlin] PHP Fatal error:  Uncaught mysqli_sql_exception: Unknown column 'status' in 'where clause' in C:\xampp\htdocs\emps\esignature\create.php:72
Stack trace:
#0 C:\xampp\htdocs\emps\esignature\create.php(72): mysqli->query('SELECT * FROM d...')
#1 {main}
  thrown in C:\xampp\htdocs\emps\esignature\create.php on line 72
[14-Jun-2025 21:48:49 Europe/Berlin] PHP Fatal error:  Uncaught mysqli_sql_exception: Unknown column 'status' in 'where clause' in C:\xampp\htdocs\emps\esignature\create.php:72
Stack trace:
#0 C:\xampp\htdocs\emps\esignature\create.php(72): mysqli->query('SELECT * FROM d...')
#1 {main}
  thrown in C:\xampp\htdocs\emps\esignature\create.php on line 72
[14-Jun-2025 21:49:30 Europe/Berlin] PHP Fatal error:  Uncaught mysqli_sql_exception: Unknown column 'department_name' in 'order clause' in C:\xampp\htdocs\emps\esignature\create.php:72
Stack trace:
#0 C:\xampp\htdocs\emps\esignature\create.php(72): mysqli->query('SELECT * FROM d...')
#1 {main}
  thrown in C:\xampp\htdocs\emps\esignature\create.php on line 72
[14-Jun-2025 21:49:53 Europe/Berlin] PHP Fatal error:  Uncaught mysqli_sql_exception: Unknown column 'd.department_name' in 'field list' in C:\xampp\htdocs\emps\esignature\create.php:87
Stack trace:
#0 C:\xampp\htdocs\emps\esignature\create.php(87): mysqli->query('SELECT dh.*, d....')
#1 {main}
  thrown in C:\xampp\htdocs\emps\esignature\create.php on line 87
[14-Jun-2025 21:49:54 Europe/Berlin] PHP Fatal error:  Uncaught mysqli_sql_exception: Unknown column 'd.department_name' in 'field list' in C:\xampp\htdocs\emps\esignature\create.php:87
Stack trace:
#0 C:\xampp\htdocs\emps\esignature\create.php(87): mysqli->query('SELECT dh.*, d....')
#1 {main}
  thrown in C:\xampp\htdocs\emps\esignature\create.php on line 87
[14-Jun-2025 21:49:54 Europe/Berlin] PHP Fatal error:  Uncaught mysqli_sql_exception: Unknown column 'd.department_name' in 'field list' in C:\xampp\htdocs\emps\esignature\create.php:87
Stack trace:
#0 C:\xampp\htdocs\emps\esignature\create.php(87): mysqli->query('SELECT dh.*, d....')
#1 {main}
  thrown in C:\xampp\htdocs\emps\esignature\create.php on line 87
[14-Jun-2025 21:49:54 Europe/Berlin] PHP Fatal error:  Uncaught mysqli_sql_exception: Unknown column 'd.department_name' in 'field list' in C:\xampp\htdocs\emps\esignature\create.php:87
Stack trace:
#0 C:\xampp\htdocs\emps\esignature\create.php(87): mysqli->query('SELECT dh.*, d....')
#1 {main}
  thrown in C:\xampp\htdocs\emps\esignature\create.php on line 87
[14-Jun-2025 21:49:54 Europe/Berlin] PHP Fatal error:  Uncaught mysqli_sql_exception: Unknown column 'd.department_name' in 'field list' in C:\xampp\htdocs\emps\esignature\create.php:87
Stack trace:
#0 C:\xampp\htdocs\emps\esignature\create.php(87): mysqli->query('SELECT dh.*, d....')
#1 {main}
  thrown in C:\xampp\htdocs\emps\esignature\create.php on line 87
[14-Jun-2025 21:50:15 Europe/Berlin] PHP Fatal error:  Uncaught mysqli_sql_exception: Unknown column 'd.department_name' in 'field list' in C:\xampp\htdocs\emps\esignature\create.php:87
Stack trace:
#0 C:\xampp\htdocs\emps\esignature\create.php(87): mysqli->query('SELECT dh.*, d....')
#1 {main}
  thrown in C:\xampp\htdocs\emps\esignature\create.php on line 87
[14-Jun-2025 21:50:16 Europe/Berlin] PHP Fatal error:  Uncaught mysqli_sql_exception: Unknown column 'd.department_name' in 'field list' in C:\xampp\htdocs\emps\esignature\create.php:87
Stack trace:
#0 C:\xampp\htdocs\emps\esignature\create.php(87): mysqli->query('SELECT dh.*, d....')
#1 {main}
  thrown in C:\xampp\htdocs\emps\esignature\create.php on line 87
[14-Jun-2025 21:50:16 Europe/Berlin] PHP Fatal error:  Uncaught mysqli_sql_exception: Unknown column 'd.department_name' in 'field list' in C:\xampp\htdocs\emps\esignature\create.php:87
Stack trace:
#0 C:\xampp\htdocs\emps\esignature\create.php(87): mysqli->query('SELECT dh.*, d....')
#1 {main}
  thrown in C:\xampp\htdocs\emps\esignature\create.php on line 87
[14-Jun-2025 22:04:25 Europe/Berlin] PHP Deprecated:  htmlspecialchars(): Passing null to parameter #1 ($string) of type string is deprecated in C:\xampp\htdocs\emps\esignature\pending.php on line 143
[14-Jun-2025 22:04:57 Europe/Berlin] PHP Warning:  Undefined variable $conn in C:\xampp\htdocs\emps\esignature\sign.php on line 67
[14-Jun-2025 22:04:57 Europe/Berlin] PHP Fatal error:  Uncaught Error: Call to a member function prepare() on null in C:\xampp\htdocs\emps\esignature\sign.php:67
Stack trace:
#0 {main}
  thrown in C:\xampp\htdocs\emps\esignature\sign.php on line 67
[14-Jun-2025 22:05:08 Europe/Berlin] PHP Warning:  Undefined variable $conn in C:\xampp\htdocs\emps\esignature\sign.php on line 67
[14-Jun-2025 22:05:08 Europe/Berlin] PHP Fatal error:  Uncaught Error: Call to a member function prepare() on null in C:\xampp\htdocs\emps\esignature\sign.php:67
Stack trace:
#0 {main}
  thrown in C:\xampp\htdocs\emps\esignature\sign.php on line 67
[14-Jun-2025 22:05:42 Europe/Berlin] PHP Fatal error:  Uncaught mysqli_sql_exception: Unknown column 'e.name' in 'field list' in C:\xampp\htdocs\emps\esignature\sign.php:84
Stack trace:
#0 C:\xampp\htdocs\emps\esignature\sign.php(84): mysqli->prepare('SELECT w.*, e.n...')
#1 {main}
  thrown in C:\xampp\htdocs\emps\esignature\sign.php on line 84
[14-Jun-2025 22:10:55 Europe/Berlin] PHP Warning:  Undefined variable $conn in C:\xampp\htdocs\emps\esignature\process\submit_signature.php on line 29
[14-Jun-2025 22:10:55 Europe/Berlin] PHP Fatal error:  Uncaught Error: Call to a member function begin_transaction() on null in C:\xampp\htdocs\emps\esignature\process\submit_signature.php:29
Stack trace:
#0 {main}
  thrown in C:\xampp\htdocs\emps\esignature\process\submit_signature.php on line 29
[15-Jun-2025 07:38:49 Europe/Berlin] Admin login successful: communikadmin@communikmarketing.com (Type: admin)
[15-Jun-2025 10:16:25 Europe/Berlin] PHP Fatal error:  Uncaught mysqli_sql_exception: Unknown column 'a.name' in 'field list' in C:\xampp\htdocs\emps\esignature\workflow.php:73
Stack trace:
#0 C:\xampp\htdocs\emps\esignature\workflow.php(73): mysqli->prepare('SELECT c.*, \r\n ...')
#1 {main}
  thrown in C:\xampp\htdocs\emps\esignature\workflow.php on line 73
[15-Jun-2025 10:16:25 Europe/Berlin] PHP Fatal error:  Uncaught mysqli_sql_exception: Unknown column 'a.name' in 'field list' in C:\xampp\htdocs\emps\esignature\workflow.php:73
Stack trace:
#0 C:\xampp\htdocs\emps\esignature\workflow.php(73): mysqli->prepare('SELECT c.*, \r\n ...')
#1 {main}
  thrown in C:\xampp\htdocs\emps\esignature\workflow.php on line 73
[15-Jun-2025 10:16:26 Europe/Berlin] PHP Fatal error:  Uncaught mysqli_sql_exception: Unknown column 'a.name' in 'field list' in C:\xampp\htdocs\emps\esignature\workflow.php:73
Stack trace:
#0 C:\xampp\htdocs\emps\esignature\workflow.php(73): mysqli->prepare('SELECT c.*, \r\n ...')
#1 {main}
  thrown in C:\xampp\htdocs\emps\esignature\workflow.php on line 73
[15-Jun-2025 10:16:50 Europe/Berlin] PHP Fatal error:  Uncaught mysqli_sql_exception: Unknown column 'a.full_name' in 'field list' in C:\xampp\htdocs\emps\esignature\workflow.php:73
Stack trace:
#0 C:\xampp\htdocs\emps\esignature\workflow.php(73): mysqli->prepare('SELECT c.*, \r\n ...')
#1 {main}
  thrown in C:\xampp\htdocs\emps\esignature\workflow.php on line 73
[15-Jun-2025 10:16:50 Europe/Berlin] PHP Fatal error:  Uncaught mysqli_sql_exception: Unknown column 'a.full_name' in 'field list' in C:\xampp\htdocs\emps\esignature\workflow.php:73
Stack trace:
#0 C:\xampp\htdocs\emps\esignature\workflow.php(73): mysqli->prepare('SELECT c.*, \r\n ...')
#1 {main}
  thrown in C:\xampp\htdocs\emps\esignature\workflow.php on line 73
[15-Jun-2025 10:16:51 Europe/Berlin] PHP Fatal error:  Uncaught mysqli_sql_exception: Unknown column 'a.full_name' in 'field list' in C:\xampp\htdocs\emps\esignature\workflow.php:73
Stack trace:
#0 C:\xampp\htdocs\emps\esignature\workflow.php(73): mysqli->prepare('SELECT c.*, \r\n ...')
#1 {main}
  thrown in C:\xampp\htdocs\emps\esignature\workflow.php on line 73
[15-Jun-2025 10:18:11 Europe/Berlin] PHP Fatal error:  Uncaught mysqli_sql_exception: Unknown column 'a.name' in 'field list' in C:\xampp\htdocs\emps\esignature\workflow.php:73
Stack trace:
#0 C:\xampp\htdocs\emps\esignature\workflow.php(73): mysqli->prepare('SELECT c.*, \r\n ...')
#1 {main}
  thrown in C:\xampp\htdocs\emps\esignature\workflow.php on line 73
[15-Jun-2025 10:18:12 Europe/Berlin] PHP Fatal error:  Uncaught mysqli_sql_exception: Unknown column 'a.name' in 'field list' in C:\xampp\htdocs\emps\esignature\workflow.php:73
Stack trace:
#0 C:\xampp\htdocs\emps\esignature\workflow.php(73): mysqli->prepare('SELECT c.*, \r\n ...')
#1 {main}
  thrown in C:\xampp\htdocs\emps\esignature\workflow.php on line 73
[15-Jun-2025 10:18:12 Europe/Berlin] PHP Fatal error:  Uncaught mysqli_sql_exception: Unknown column 'a.name' in 'field list' in C:\xampp\htdocs\emps\esignature\workflow.php:73
Stack trace:
#0 C:\xampp\htdocs\emps\esignature\workflow.php(73): mysqli->prepare('SELECT c.*, \r\n ...')
#1 {main}
  thrown in C:\xampp\htdocs\emps\esignature\workflow.php on line 73
[15-Jun-2025 10:18:12 Europe/Berlin] PHP Fatal error:  Uncaught mysqli_sql_exception: Unknown column 'a.name' in 'field list' in C:\xampp\htdocs\emps\esignature\workflow.php:73
Stack trace:
#0 C:\xampp\htdocs\emps\esignature\workflow.php(73): mysqli->prepare('SELECT c.*, \r\n ...')
#1 {main}
  thrown in C:\xampp\htdocs\emps\esignature\workflow.php on line 73
[15-Jun-2025 10:18:12 Europe/Berlin] PHP Fatal error:  Uncaught mysqli_sql_exception: Unknown column 'a.name' in 'field list' in C:\xampp\htdocs\emps\esignature\workflow.php:73
Stack trace:
#0 C:\xampp\htdocs\emps\esignature\workflow.php(73): mysqli->prepare('SELECT c.*, \r\n ...')
#1 {main}
  thrown in C:\xampp\htdocs\emps\esignature\workflow.php on line 73
[15-Jun-2025 12:48:10 Europe/Berlin] PHP Deprecated:  htmlspecialchars(): Passing null to parameter #1 ($string) of type string is deprecated in C:\xampp\htdocs\emps\esignature\workflow.php on line 90
[15-Jun-2025 12:48:10 Europe/Berlin] PHP Deprecated:  htmlspecialchars(): Passing null to parameter #1 ($string) of type string is deprecated in C:\xampp\htdocs\emps\esignature\workflow.php on line 90
[15-Jun-2025 12:48:10 Europe/Berlin] PHP Deprecated:  htmlspecialchars(): Passing null to parameter #1 ($string) of type string is deprecated in C:\xampp\htdocs\emps\esignature\workflow.php on line 90
[15-Jun-2025 12:48:10 Europe/Berlin] PHP Deprecated:  htmlspecialchars(): Passing null to parameter #1 ($string) of type string is deprecated in C:\xampp\htdocs\emps\esignature\workflow.php on line 90
[15-Jun-2025 12:48:10 Europe/Berlin] PHP Deprecated:  htmlspecialchars(): Passing null to parameter #1 ($string) of type string is deprecated in C:\xampp\htdocs\emps\esignature\workflow.php on line 90
[15-Jun-2025 12:48:10 Europe/Berlin] PHP Deprecated:  htmlspecialchars(): Passing null to parameter #1 ($string) of type string is deprecated in C:\xampp\htdocs\emps\esignature\workflow.php on line 90
[15-Jun-2025 12:48:10 Europe/Berlin] PHP Deprecated:  htmlspecialchars(): Passing null to parameter #1 ($string) of type string is deprecated in C:\xampp\htdocs\emps\esignature\workflow.php on line 90
[15-Jun-2025 12:48:10 Europe/Berlin] PHP Deprecated:  htmlspecialchars(): Passing null to parameter #1 ($string) of type string is deprecated in C:\xampp\htdocs\emps\esignature\workflow.php on line 90
[15-Jun-2025 12:50:54 Europe/Berlin] PHP Fatal error:  Uncaught mysqli_sql_exception: Unknown column 'w.status' in 'field list' in C:\xampp\htdocs\emps\esignature\view.php:100
Stack trace:
#0 C:\xampp\htdocs\emps\esignature\view.php(100): mysqli->prepare('SELECT d.*, e.f...')
#1 {main}
  thrown in C:\xampp\htdocs\emps\esignature\view.php on line 100
[15-Jun-2025 12:52:06 Europe/Berlin] PHP Fatal error:  Uncaught mysqli_sql_exception: Unknown column 'w.status' in 'field list' in C:\xampp\htdocs\emps\esignature\view.php:100
Stack trace:
#0 C:\xampp\htdocs\emps\esignature\view.php(100): mysqli->prepare('SELECT d.*, e.f...')
#1 {main}
  thrown in C:\xampp\htdocs\emps\esignature\view.php on line 100
[15-Jun-2025 13:08:46 Europe/Berlin] PHP Warning:  Undefined variable $user_type in C:\xampp\htdocs\emps\esignature\includes\sidebar.php on line 30
[15-Jun-2025 13:08:46 Europe/Berlin] PHP Warning:  Undefined variable $user_type in C:\xampp\htdocs\emps\esignature\includes\sidebar.php on line 30
[15-Jun-2025 13:08:46 Europe/Berlin] PHP Warning:  Undefined variable $user_type in C:\xampp\htdocs\emps\esignature\includes\sidebar.php on line 53
[15-Jun-2025 13:08:46 Europe/Berlin] PHP Warning:  Undefined variable $user_type in C:\xampp\htdocs\emps\esignature\includes\sidebar.php on line 53
[15-Jun-2025 13:08:46 Europe/Berlin] PHP Warning:  Undefined variable $user_type in C:\xampp\htdocs\emps\esignature\includes\sidebar.php on line 61
[15-Jun-2025 13:08:46 Europe/Berlin] PHP Warning:  Undefined variable $user_type in C:\xampp\htdocs\emps\esignature\includes\sidebar.php on line 87
[15-Jun-2025 13:08:46 Europe/Berlin] PHP Warning:  Undefined variable $user_type in C:\xampp\htdocs\emps\esignature\includes\sidebar.php on line 87
[15-Jun-2025 13:08:46 Europe/Berlin] PHP Warning:  Undefined variable $user_type in C:\xampp\htdocs\emps\esignature\includes\sidebar.php on line 87
[15-Jun-2025 13:08:46 Europe/Berlin] PHP Warning:  Undefined variable $user_name in C:\xampp\htdocs\emps\esignature\includes\sidebar.php on line 97
[15-Jun-2025 13:08:46 Europe/Berlin] PHP Deprecated:  htmlspecialchars(): Passing null to parameter #1 ($string) of type string is deprecated in C:\xampp\htdocs\emps\esignature\includes\sidebar.php on line 97
[15-Jun-2025 13:08:46 Europe/Berlin] PHP Warning:  Undefined variable $user_type in C:\xampp\htdocs\emps\esignature\includes\sidebar.php on line 98
[15-Jun-2025 13:08:46 Europe/Berlin] PHP Deprecated:  ucfirst(): Passing null to parameter #1 ($string) of type string is deprecated in C:\xampp\htdocs\emps\esignature\includes\sidebar.php on line 98
[15-Jun-2025 13:25:48 Europe/Berlin] PHP Parse error:  syntax error, unexpected end of file, expecting "elseif" or "else" or "endif" in C:\xampp\htdocs\emps\esignature\includes\sidebar.php on line 217
[15-Jun-2025 19:36:49 Europe/Berlin] PHP Fatal error:  Uncaught mysqli_sql_exception: Unknown column 'e.department' in 'field list' in C:\xampp\htdocs\emps\admin_panel\get_leave_details.php:12
Stack trace:
#0 C:\xampp\htdocs\emps\admin_panel\get_leave_details.php(12): mysqli->prepare('SELECT l.*, e.f...')
#1 {main}
  thrown in C:\xampp\htdocs\emps\admin_panel\get_leave_details.php on line 12
[15-Jun-2025 19:40:24 Europe/Berlin] PHP Warning:  Undefined array key "login_user" in C:\xampp\htdocs\emps\admin_panel\generate_leave_slip.php on line 13
[15-Jun-2025 19:40:24 Europe/Berlin] PHP Fatal error:  Uncaught mysqli_sql_exception: Unknown column 'e.department' in 'field list' in C:\xampp\htdocs\emps\admin_panel\generate_leave_slip.php:36
Stack trace:
#0 C:\xampp\htdocs\emps\admin_panel\generate_leave_slip.php(36): mysqli->prepare('SELECT l.*, e.f...')
#1 {main}
  thrown in C:\xampp\htdocs\emps\admin_panel\generate_leave_slip.php on line 36
[15-Jun-2025 19:44:34 Europe/Berlin] PHP Warning:  Undefined array key "login_user" in C:\xampp\htdocs\emps\admin_panel\generate_leave_slip.php on line 13
[15-Jun-2025 20:48:12 Europe/Berlin] PHP Fatal error:  Uncaught mysqli_sql_exception: Unknown column 'e.department' in 'field list' in C:\xampp\htdocs\emps\admin_panel\export_leave_data.php:57
Stack trace:
#0 C:\xampp\htdocs\emps\admin_panel\export_leave_data.php(57): mysqli->prepare('SELECT l.*, e.i...')
#1 {main}
  thrown in C:\xampp\htdocs\emps\admin_panel\export_leave_data.php on line 57
[15-Jun-2025 21:06:02 Europe/Berlin] PHP Warning:  Undefined variable $query in C:\xampp\htdocs\emps\admin_panel\leave_report.php on line 19
[15-Jun-2025 21:06:02 Europe/Berlin] PHP Warning:  Undefined variable $query in C:\xampp\htdocs\emps\admin_panel\leave_report.php on line 21
[15-Jun-2025 21:06:02 Europe/Berlin] PHP Deprecated:  mysqli_query(): Passing null to parameter #2 ($query) of type string is deprecated in C:\xampp\htdocs\emps\admin_panel\leave_report.php on line 21
[15-Jun-2025 21:06:02 Europe/Berlin] PHP Fatal error:  Uncaught ValueError: mysqli_query(): Argument #2 ($query) cannot be empty in C:\xampp\htdocs\emps\admin_panel\leave_report.php:21
Stack trace:
#0 C:\xampp\htdocs\emps\admin_panel\leave_report.php(21): mysqli_query(Object(mysqli), '')
#1 {main}
  thrown in C:\xampp\htdocs\emps\admin_panel\leave_report.php on line 21
[15-Jun-2025 21:12:25 Europe/Berlin] PHP Warning:  Undefined array key "login_user" in C:\xampp\htdocs\emps\admin_panel\generate_leave_slip.php on line 13
[15-Jun-2025 21:12:27 Europe/Berlin] PHP Warning:  Undefined array key "login_user" in C:\xampp\htdocs\emps\admin_panel\generate_leave_slip.php on line 13
[16-Jun-2025 06:00:33 UTC] [2025-06-16 06:00:33] Database Error: Access denied for user 'root'@'localhost' (using password: NO)
[16-Jun-2025 06:02:15 UTC] PHP Warning:  Cannot modify header information - headers already sent by (output started at /home/rltnewmd/communik.san-solutions.in/index.php:175) in /home/rltnewmd/communik.san-solutions.in/connection.php on line 55
[16-Jun-2025 06:02:15 UTC] PHP Warning:  Cannot modify header information - headers already sent by (output started at /home/rltnewmd/communik.san-solutions.in/index.php:175) in /home/rltnewmd/communik.san-solutions.in/connection.php on line 56
[16-Jun-2025 06:02:15 UTC] PHP Warning:  Cannot modify header information - headers already sent by (output started at /home/rltnewmd/communik.san-solutions.in/index.php:175) in /home/rltnewmd/communik.san-solutions.in/connection.php on line 57
[16-Jun-2025 06:02:15 UTC] PHP Warning:  Cannot modify header information - headers already sent by (output started at /home/rltnewmd/communik.san-solutions.in/index.php:175) in /home/rltnewmd/communik.san-solutions.in/connection.php on line 58
[16-Jun-2025 06:02:15 UTC] PHP Warning:  Cannot modify header information - headers already sent by (output started at /home/rltnewmd/communik.san-solutions.in/index.php:175) in /home/rltnewmd/communik.san-solutions.in/connection.php on line 60
[16-Jun-2025 06:02:15 UTC] PHP Warning:  Cannot modify header information - headers already sent by (output started at /home/rltnewmd/communik.san-solutions.in/index.php:175) in /home/rltnewmd/communik.san-solutions.in/connection.php on line 55
[16-Jun-2025 06:02:15 UTC] PHP Warning:  Cannot modify header information - headers already sent by (output started at /home/rltnewmd/communik.san-solutions.in/index.php:175) in /home/rltnewmd/communik.san-solutions.in/connection.php on line 56
[16-Jun-2025 06:02:15 UTC] PHP Warning:  Cannot modify header information - headers already sent by (output started at /home/rltnewmd/communik.san-solutions.in/index.php:175) in /home/rltnewmd/communik.san-solutions.in/connection.php on line 57
[16-Jun-2025 06:02:15 UTC] PHP Warning:  Cannot modify header information - headers already sent by (output started at /home/rltnewmd/communik.san-solutions.in/index.php:175) in /home/rltnewmd/communik.san-solutions.in/connection.php on line 58
[16-Jun-2025 06:02:15 UTC] PHP Warning:  Cannot modify header information - headers already sent by (output started at /home/rltnewmd/communik.san-solutions.in/index.php:175) in /home/rltnewmd/communik.san-solutions.in/connection.php on line 60
[16-Jun-2025 06:02:15 UTC] PHP Warning:  Cannot modify header information - headers already sent by (output started at /home/rltnewmd/communik.san-solutions.in/index.php:175) in /home/rltnewmd/communik.san-solutions.in/connection.php on line 55
[16-Jun-2025 06:02:15 UTC] PHP Warning:  Cannot modify header information - headers already sent by (output started at /home/rltnewmd/communik.san-solutions.in/index.php:175) in /home/rltnewmd/communik.san-solutions.in/connection.php on line 56
[16-Jun-2025 06:02:15 UTC] PHP Warning:  Cannot modify header information - headers already sent by (output started at /home/rltnewmd/communik.san-solutions.in/index.php:175) in /home/rltnewmd/communik.san-solutions.in/connection.php on line 57
[16-Jun-2025 06:02:15 UTC] PHP Warning:  Cannot modify header information - headers already sent by (output started at /home/rltnewmd/communik.san-solutions.in/index.php:175) in /home/rltnewmd/communik.san-solutions.in/connection.php on line 58
[16-Jun-2025 06:02:15 UTC] PHP Warning:  Cannot modify header information - headers already sent by (output started at /home/rltnewmd/communik.san-solutions.in/index.php:175) in /home/rltnewmd/communik.san-solutions.in/connection.php on line 60
[16-Jun-2025 06:04:33 UTC] PHP Warning:  Cannot modify header information - headers already sent by (output started at /home/rltnewmd/communik.san-solutions.in/index.php:175) in /home/rltnewmd/communik.san-solutions.in/connection.php on line 55
[16-Jun-2025 06:04:33 UTC] PHP Warning:  Cannot modify header information - headers already sent by (output started at /home/rltnewmd/communik.san-solutions.in/index.php:175) in /home/rltnewmd/communik.san-solutions.in/connection.php on line 56
[16-Jun-2025 06:04:33 UTC] PHP Warning:  Cannot modify header information - headers already sent by (output started at /home/rltnewmd/communik.san-solutions.in/index.php:175) in /home/rltnewmd/communik.san-solutions.in/connection.php on line 57
[16-Jun-2025 06:04:33 UTC] PHP Warning:  Cannot modify header information - headers already sent by (output started at /home/rltnewmd/communik.san-solutions.in/index.php:175) in /home/rltnewmd/communik.san-solutions.in/connection.php on line 58
[16-Jun-2025 06:04:33 UTC] PHP Warning:  Cannot modify header information - headers already sent by (output started at /home/rltnewmd/communik.san-solutions.in/index.php:175) in /home/rltnewmd/communik.san-solutions.in/connection.php on line 60
[16-Jun-2025 06:04:33 UTC] PHP Warning:  Cannot modify header information - headers already sent by (output started at /home/rltnewmd/communik.san-solutions.in/index.php:175) in /home/rltnewmd/communik.san-solutions.in/connection.php on line 55
[16-Jun-2025 06:04:33 UTC] PHP Warning:  Cannot modify header information - headers already sent by (output started at /home/rltnewmd/communik.san-solutions.in/index.php:175) in /home/rltnewmd/communik.san-solutions.in/connection.php on line 56
[16-Jun-2025 06:04:33 UTC] PHP Warning:  Cannot modify header information - headers already sent by (output started at /home/rltnewmd/communik.san-solutions.in/index.php:175) in /home/rltnewmd/communik.san-solutions.in/connection.php on line 57
[16-Jun-2025 06:04:33 UTC] PHP Warning:  Cannot modify header information - headers already sent by (output started at /home/rltnewmd/communik.san-solutions.in/index.php:175) in /home/rltnewmd/communik.san-solutions.in/connection.php on line 58
[16-Jun-2025 06:04:33 UTC] PHP Warning:  Cannot modify header information - headers already sent by (output started at /home/rltnewmd/communik.san-solutions.in/index.php:175) in /home/rltnewmd/communik.san-solutions.in/connection.php on line 60
[16-Jun-2025 06:04:33 UTC] PHP Warning:  Cannot modify header information - headers already sent by (output started at /home/rltnewmd/communik.san-solutions.in/index.php:175) in /home/rltnewmd/communik.san-solutions.in/connection.php on line 55
[16-Jun-2025 06:04:33 UTC] PHP Warning:  Cannot modify header information - headers already sent by (output started at /home/rltnewmd/communik.san-solutions.in/index.php:175) in /home/rltnewmd/communik.san-solutions.in/connection.php on line 56
[16-Jun-2025 06:04:33 UTC] PHP Warning:  Cannot modify header information - headers already sent by (output started at /home/rltnewmd/communik.san-solutions.in/index.php:175) in /home/rltnewmd/communik.san-solutions.in/connection.php on line 57
[16-Jun-2025 06:04:33 UTC] PHP Warning:  Cannot modify header information - headers already sent by (output started at /home/rltnewmd/communik.san-solutions.in/index.php:175) in /home/rltnewmd/communik.san-solutions.in/connection.php on line 58
[16-Jun-2025 06:04:33 UTC] PHP Warning:  Cannot modify header information - headers already sent by (output started at /home/rltnewmd/communik.san-solutions.in/index.php:175) in /home/rltnewmd/communik.san-solutions.in/connection.php on line 60
[16-Jun-2025 06:06:29 UTC] [2025-06-16 06:06:29] Database Error: Access denied for user 'root'@'localhost' (using password: NO)
[16-Jun-2025 06:07:06 UTC] PHP Warning:  Cannot modify header information - headers already sent by (output started at /home/rltnewmd/communik.san-solutions.in/index.php:175) in /home/rltnewmd/communik.san-solutions.in/connection.php on line 3
[16-Jun-2025 06:07:06 UTC] PHP Warning:  Cannot modify header information - headers already sent by (output started at /home/rltnewmd/communik.san-solutions.in/index.php:175) in /home/rltnewmd/communik.san-solutions.in/connection.php on line 4
[16-Jun-2025 06:07:06 UTC] PHP Warning:  Cannot modify header information - headers already sent by (output started at /home/rltnewmd/communik.san-solutions.in/index.php:175) in /home/rltnewmd/communik.san-solutions.in/connection.php on line 5
[16-Jun-2025 06:07:06 UTC] PHP Warning:  Cannot modify header information - headers already sent by (output started at /home/rltnewmd/communik.san-solutions.in/index.php:175) in /home/rltnewmd/communik.san-solutions.in/connection.php on line 6
[16-Jun-2025 06:07:06 UTC] PHP Warning:  Cannot modify header information - headers already sent by (output started at /home/rltnewmd/communik.san-solutions.in/index.php:175) in /home/rltnewmd/communik.san-solutions.in/connection.php on line 8
[16-Jun-2025 06:07:06 UTC] PHP Warning:  Cannot modify header information - headers already sent by (output started at /home/rltnewmd/communik.san-solutions.in/index.php:175) in /home/rltnewmd/communik.san-solutions.in/connection.php on line 3
[16-Jun-2025 06:07:06 UTC] PHP Warning:  Cannot modify header information - headers already sent by (output started at /home/rltnewmd/communik.san-solutions.in/index.php:175) in /home/rltnewmd/communik.san-solutions.in/connection.php on line 4
[16-Jun-2025 06:07:06 UTC] PHP Warning:  Cannot modify header information - headers already sent by (output started at /home/rltnewmd/communik.san-solutions.in/index.php:175) in /home/rltnewmd/communik.san-solutions.in/connection.php on line 5
[16-Jun-2025 06:07:06 UTC] PHP Warning:  Cannot modify header information - headers already sent by (output started at /home/rltnewmd/communik.san-solutions.in/index.php:175) in /home/rltnewmd/communik.san-solutions.in/connection.php on line 6
[16-Jun-2025 06:07:06 UTC] PHP Warning:  Cannot modify header information - headers already sent by (output started at /home/rltnewmd/communik.san-solutions.in/index.php:175) in /home/rltnewmd/communik.san-solutions.in/connection.php on line 8
[16-Jun-2025 06:07:06 UTC] PHP Warning:  Cannot modify header information - headers already sent by (output started at /home/rltnewmd/communik.san-solutions.in/index.php:175) in /home/rltnewmd/communik.san-solutions.in/connection.php on line 3
[16-Jun-2025 06:07:06 UTC] PHP Warning:  Cannot modify header information - headers already sent by (output started at /home/rltnewmd/communik.san-solutions.in/index.php:175) in /home/rltnewmd/communik.san-solutions.in/connection.php on line 4
[16-Jun-2025 06:07:06 UTC] PHP Warning:  Cannot modify header information - headers already sent by (output started at /home/rltnewmd/communik.san-solutions.in/index.php:175) in /home/rltnewmd/communik.san-solutions.in/connection.php on line 5
[16-Jun-2025 06:07:06 UTC] PHP Warning:  Cannot modify header information - headers already sent by (output started at /home/rltnewmd/communik.san-solutions.in/index.php:175) in /home/rltnewmd/communik.san-solutions.in/connection.php on line 6
[16-Jun-2025 06:07:06 UTC] PHP Warning:  Cannot modify header information - headers already sent by (output started at /home/rltnewmd/communik.san-solutions.in/index.php:175) in /home/rltnewmd/communik.san-solutions.in/connection.php on line 8
[16-Jun-2025 06:09:29 UTC] [2025-06-16 06:09:29] Database Error: Access denied for user 'root'@'localhost' (using password: NO)
[16-Jun-2025 06:09:29 UTC] [2025-06-16 06:09:29] Database Error: Access denied for user 'root'@'localhost' (using password: NO)
[16-Jun-2025 06:09:29 UTC] [2025-06-16 06:09:29] Database Error: Access denied for user 'root'@'localhost' (using password: NO)
[16-Jun-2025 06:14:14 UTC] Admin login successful: communikadmin@communikmarketing.com (Type: admin)
[16-Jun-2025 06:39:51 UTC] Admin login successful: communikadmin@communikmarketing.com (Type: admin)
[16-Jun-2025 06:42:40 UTC] [2025-06-16 06:42:40] Database Error: Access denied for user 'rltnewmd_communik'@'localhost' to database 'rltnewmd_employees_management'
[16-Jun-2025 06:42:41 UTC] [2025-06-16 06:42:41] Database Error: Access denied for user 'rltnewmd_communik'@'localhost' to database 'rltnewmd_employees_management'
[16-Jun-2025 07:03:15 UTC] [2025-06-16 07:03:15] Database Error: Access denied for user 'rltnewmd_communik'@'localhost' to database 'rltnewmd_employees_management'
[16-Jun-2025 07:15:30 UTC] [2025-06-16 07:15:30] Database Error: Access denied for user 'rltnewmd_communik'@'localhost' to database 'rltnewmd_employees_management'
[16-Jun-2025 08:47:35 UTC] [2025-06-16 08:47:35] Database Error: Access denied for user 'rltnewmd_communik'@'localhost' to database 'rltnewmd_employees_management'
[16-Jun-2025 08:47:41 UTC] [2025-06-16 08:47:41] Database Error: Access denied for user 'rltnewmd_communik'@'localhost' to database 'rltnewmd_employees_management'
[16-Jun-2025 08:50:18 UTC] [2025-06-16 08:50:18] Database Error: Access denied for user 'rltnewmd_communik'@'localhost' to database 'rltnewmd_employees_management'
[16-Jun-2025 08:53:20 UTC] [2025-06-16 08:53:20] Database Error: Access denied for user 'rltnewmd_communik'@'localhost' to database 'rltnewmd_employees_management'
[16-Jun-2025 08:53:20 UTC] [2025-06-16 08:53:20] Database Error: Access denied for user 'rltnewmd_communik'@'localhost' to database 'rltnewmd_employees_management'
[16-Jun-2025 08:53:20 UTC] [2025-06-16 08:53:20] Database Error: Access denied for user 'rltnewmd_communik'@'localhost' to database 'rltnewmd_employees_management'
[16-Jun-2025 09:07:53 UTC] Admin login successful: communikadmin@communikmarketing.com (Type: admin)
[16-Jun-2025 11:10:42 UTC] Session validation failed: []
[16-Jun-2025 11:10:45 UTC] Admin login successful: communikadmin@communikmarketing.com (Type: admin)
[16-Jun-2025 12:16:50 UTC] Session validation failed: []
[16-Jun-2025 12:31:57 UTC] Session validation failed: []
[16-Jun-2025 14:13:43 UTC] Admin login successful: communikadmin@communikmarketing.com (Type: admin)
[16-Jun-2025 15:12:12 UTC] Session validation failed: []
[16-Jun-2025 15:12:17 UTC] Session validation failed: []
[16-Jun-2025 15:12:20 UTC] Admin login successful: communikadmin@communikmarketing.com (Type: admin)
[16-Jun-2025 15:21:39 UTC] Admin login successful: communikadmin@communikmarketing.com (Type: admin)
[16-Jun-2025 15:59:21 UTC] Session validation failed: []
[16-Jun-2025 15:59:24 UTC] Admin login successful: communikadmin@communikmarketing.com (Type: admin)
[16-Jun-2025 16:10:07 UTC] Admin login successful: communikadmin@communikmarketing.com (Type: admin)
[17-Jun-2025 05:17:37 UTC] Session validation failed: []
[17-Jun-2025 07:50:39 UTC] Session validation failed: []
[17-Jun-2025 07:50:56 UTC] Password verification failed for employee: hr@communikmarketing.com
[17-Jun-2025 07:52:44 UTC] Password verification failed for employee: hr@communikmarketing.com
[17-Jun-2025 07:54:03 UTC] Employee login successful: sameer@communikmarketing.com (Role: user)
[17-Jun-2025 07:54:03 UTC] PHP Warning:  Undefined array key "user_id" in /home/rltnewmd/communik.san-solutions.in/user_panel/index.php on line 255
[17-Jun-2025 07:54:03 UTC] PHP Warning:  Undefined array key "user_id" in /home/rltnewmd/communik.san-solutions.in/user_panel/index.php on line 333
[17-Jun-2025 07:54:03 UTC] PHP Fatal error:  Uncaught mysqli_sql_exception: Table 'rltnewmd_employees_management.document_assignments' doesn't exist in /home/rltnewmd/communik.san-solutions.in/user_panel/index.php:334
Stack trace:
#0 /home/rltnewmd/communik.san-solutions.in/user_panel/index.php(334): mysqli->prepare()
#1 {main}
  thrown in /home/rltnewmd/communik.san-solutions.in/user_panel/index.php on line 334
[17-Jun-2025 07:54:17 UTC] PHP Warning:  Undefined array key "user_id" in /home/rltnewmd/communik.san-solutions.in/user_panel/index.php on line 255
[17-Jun-2025 07:54:17 UTC] PHP Warning:  Undefined array key "user_id" in /home/rltnewmd/communik.san-solutions.in/user_panel/index.php on line 333
[17-Jun-2025 07:54:17 UTC] PHP Fatal error:  Uncaught mysqli_sql_exception: Table 'rltnewmd_employees_management.document_assignments' doesn't exist in /home/rltnewmd/communik.san-solutions.in/user_panel/index.php:334
Stack trace:
#0 /home/rltnewmd/communik.san-solutions.in/user_panel/index.php(334): mysqli->prepare()
#1 {main}
  thrown in /home/rltnewmd/communik.san-solutions.in/user_panel/index.php on line 334
[17-Jun-2025 07:54:45 UTC] PHP Warning:  Undefined array key "user_id" in /home/rltnewmd/communik.san-solutions.in/user_panel/index.php on line 255
[17-Jun-2025 07:54:45 UTC] PHP Warning:  Undefined array key "user_id" in /home/rltnewmd/communik.san-solutions.in/user_panel/index.php on line 333
[17-Jun-2025 07:54:45 UTC] PHP Fatal error:  Uncaught mysqli_sql_exception: Table 'rltnewmd_employees_management.document_assignments' doesn't exist in /home/rltnewmd/communik.san-solutions.in/user_panel/index.php:334
Stack trace:
#0 /home/rltnewmd/communik.san-solutions.in/user_panel/index.php(334): mysqli->prepare()
#1 {main}
  thrown in /home/rltnewmd/communik.san-solutions.in/user_panel/index.php on line 334
[17-Jun-2025 07:54:55 UTC] PHP Warning:  Undefined array key "user_id" in /home/rltnewmd/communik.san-solutions.in/user_panel/index.php on line 255
[17-Jun-2025 07:54:55 UTC] PHP Warning:  Undefined array key "user_id" in /home/rltnewmd/communik.san-solutions.in/user_panel/index.php on line 333
[17-Jun-2025 07:54:55 UTC] PHP Fatal error:  Uncaught mysqli_sql_exception: Table 'rltnewmd_employees_management.document_assignments' doesn't exist in /home/rltnewmd/communik.san-solutions.in/user_panel/index.php:334
Stack trace:
#0 /home/rltnewmd/communik.san-solutions.in/user_panel/index.php(334): mysqli->prepare()
#1 {main}
  thrown in /home/rltnewmd/communik.san-solutions.in/user_panel/index.php on line 334
[17-Jun-2025 07:55:03 UTC] PHP Warning:  Undefined array key "user_id" in /home/rltnewmd/communik.san-solutions.in/user_panel/index.php on line 255
[17-Jun-2025 07:55:03 UTC] PHP Warning:  Undefined array key "user_id" in /home/rltnewmd/communik.san-solutions.in/user_panel/index.php on line 333
[17-Jun-2025 07:55:03 UTC] PHP Fatal error:  Uncaught mysqli_sql_exception: Table 'rltnewmd_employees_management.document_assignments' doesn't exist in /home/rltnewmd/communik.san-solutions.in/user_panel/index.php:334
Stack trace:
#0 /home/rltnewmd/communik.san-solutions.in/user_panel/index.php(334): mysqli->prepare()
#1 {main}
  thrown in /home/rltnewmd/communik.san-solutions.in/user_panel/index.php on line 334
[17-Jun-2025 07:55:34 UTC] PHP Warning:  Undefined array key "user_id" in /home/rltnewmd/communik.san-solutions.in/user_panel/index.php on line 255
[17-Jun-2025 07:55:34 UTC] PHP Warning:  Undefined array key "user_id" in /home/rltnewmd/communik.san-solutions.in/user_panel/index.php on line 333
[17-Jun-2025 07:55:34 UTC] PHP Fatal error:  Uncaught mysqli_sql_exception: Table 'rltnewmd_employees_management.document_assignments' doesn't exist in /home/rltnewmd/communik.san-solutions.in/user_panel/index.php:334
Stack trace:
#0 /home/rltnewmd/communik.san-solutions.in/user_panel/index.php(334): mysqli->prepare()
#1 {main}
  thrown in /home/rltnewmd/communik.san-solutions.in/user_panel/index.php on line 334
[17-Jun-2025 07:55:57 UTC] Password verification failed for employee: hr@communikmarketing.com
[17-Jun-2025 07:56:18 UTC] Password verification failed for employee: hr@communikmarketing.com
[17-Jun-2025 07:56:29 UTC] Password verification failed for employee: hr@communikmarketing.com
[17-Jun-2025 07:57:12 UTC] Employee login successful: arslan@communikmarketing.com (Role: user)
[17-Jun-2025 07:57:12 UTC] PHP Warning:  Undefined array key "user_id" in /home/rltnewmd/communik.san-solutions.in/user_panel/index.php on line 255
[17-Jun-2025 07:57:12 UTC] PHP Warning:  Undefined array key "user_id" in /home/rltnewmd/communik.san-solutions.in/user_panel/index.php on line 333
[17-Jun-2025 07:57:12 UTC] PHP Fatal error:  Uncaught mysqli_sql_exception: Table 'rltnewmd_employees_management.document_assignments' doesn't exist in /home/rltnewmd/communik.san-solutions.in/user_panel/index.php:334
Stack trace:
#0 /home/rltnewmd/communik.san-solutions.in/user_panel/index.php(334): mysqli->prepare()
#1 {main}
  thrown in /home/rltnewmd/communik.san-solutions.in/user_panel/index.php on line 334
[17-Jun-2025 07:57:18 UTC] PHP Warning:  Undefined array key "user_id" in /home/rltnewmd/communik.san-solutions.in/user_panel/index.php on line 255
[17-Jun-2025 07:57:18 UTC] PHP Warning:  Undefined array key "user_id" in /home/rltnewmd/communik.san-solutions.in/user_panel/index.php on line 333
[17-Jun-2025 07:57:18 UTC] PHP Fatal error:  Uncaught mysqli_sql_exception: Table 'rltnewmd_employees_management.document_assignments' doesn't exist in /home/rltnewmd/communik.san-solutions.in/user_panel/index.php:334
Stack trace:
#0 /home/rltnewmd/communik.san-solutions.in/user_panel/index.php(334): mysqli->prepare()
#1 {main}
  thrown in /home/rltnewmd/communik.san-solutions.in/user_panel/index.php on line 334
[17-Jun-2025 07:59:26 UTC] PHP Warning:  Undefined array key "user_id" in /home/rltnewmd/communik.san-solutions.in/user_panel/index.php on line 255
[17-Jun-2025 07:59:26 UTC] PHP Warning:  Undefined array key "user_id" in /home/rltnewmd/communik.san-solutions.in/user_panel/index.php on line 333
[17-Jun-2025 07:59:26 UTC] PHP Fatal error:  Uncaught mysqli_sql_exception: Table 'rltnewmd_employees_management.document_assignments' doesn't exist in /home/rltnewmd/communik.san-solutions.in/user_panel/index.php:334
Stack trace:
#0 /home/rltnewmd/communik.san-solutions.in/user_panel/index.php(334): mysqli->prepare()
#1 {main}
  thrown in /home/rltnewmd/communik.san-solutions.in/user_panel/index.php on line 334
[17-Jun-2025 08:01:33 UTC] Session validation failed: {"eid":"CME0003","email":"arslan@communikmarketing.com","role":"USER","department":2,"department_name":"Sales Department","last_activity":1750147166,"user_name":"arslan","emp_id":66}
[17-Jun-2025 08:07:26 UTC] Password verification failed for employee: bashid@communikmarketing.com
[17-Jun-2025 08:08:11 UTC] Employee login successful: usman.t@communikmarketing.com (Role: user)
[17-Jun-2025 08:08:11 UTC] PHP Warning:  Undefined array key "user_id" in /home/rltnewmd/communik.san-solutions.in/user_panel/index.php on line 255
[17-Jun-2025 08:08:11 UTC] PHP Warning:  Undefined array key "user_id" in /home/rltnewmd/communik.san-solutions.in/user_panel/index.php on line 333
[17-Jun-2025 08:08:11 UTC] PHP Fatal error:  Uncaught mysqli_sql_exception: Table 'rltnewmd_employees_management.document_assignments' doesn't exist in /home/rltnewmd/communik.san-solutions.in/user_panel/index.php:334
Stack trace:
#0 /home/rltnewmd/communik.san-solutions.in/user_panel/index.php(334): mysqli->prepare()
#1 {main}
  thrown in /home/rltnewmd/communik.san-solutions.in/user_panel/index.php on line 334
[17-Jun-2025 08:08:51 UTC] Password verification failed for employee: bashid@communikmarketing.com
[17-Jun-2025 08:09:16 UTC] Password verification failed for employee: bashid@communikmarketing.com
[17-Jun-2025 08:09:30 UTC] Password verification failed for employee: hr@communikmarketing.com
[17-Jun-2025 08:10:24 UTC] Password verification failed for employee: cv@communikmarketing.com
[17-Jun-2025 08:11:28 UTC] Employee login successful: rehmat@communikmarketing.com (Role: user)
[17-Jun-2025 08:11:29 UTC] PHP Warning:  Undefined array key "user_id" in /home/rltnewmd/communik.san-solutions.in/user_panel/index.php on line 255
[17-Jun-2025 08:11:29 UTC] PHP Warning:  Undefined array key "user_id" in /home/rltnewmd/communik.san-solutions.in/user_panel/index.php on line 333
[17-Jun-2025 08:11:29 UTC] PHP Fatal error:  Uncaught mysqli_sql_exception: Table 'rltnewmd_employees_management.document_assignments' doesn't exist in /home/rltnewmd/communik.san-solutions.in/user_panel/index.php:334
Stack trace:
#0 /home/rltnewmd/communik.san-solutions.in/user_panel/index.php(334): mysqli->prepare()
#1 {main}
  thrown in /home/rltnewmd/communik.san-solutions.in/user_panel/index.php on line 334
[17-Jun-2025 08:11:59 UTC] Employee login successful: yeakub.ali@communikmarketing.com (Role: user)
[17-Jun-2025 08:11:59 UTC] PHP Warning:  Undefined array key "user_id" in /home/rltnewmd/communik.san-solutions.in/user_panel/index.php on line 255
[17-Jun-2025 08:11:59 UTC] PHP Warning:  Undefined array key "user_id" in /home/rltnewmd/communik.san-solutions.in/user_panel/index.php on line 333
[17-Jun-2025 08:11:59 UTC] PHP Fatal error:  Uncaught mysqli_sql_exception: Table 'rltnewmd_employees_management.document_assignments' doesn't exist in /home/rltnewmd/communik.san-solutions.in/user_panel/index.php:334
Stack trace:
#0 /home/rltnewmd/communik.san-solutions.in/user_panel/index.php(334): mysqli->prepare()
#1 {main}
  thrown in /home/rltnewmd/communik.san-solutions.in/user_panel/index.php on line 334
[17-Jun-2025 08:12:22 UTC] Employee login successful: ali.abbas@communikmarketing.com (Role: user)
[17-Jun-2025 08:12:22 UTC] PHP Warning:  Undefined array key "user_id" in /home/rltnewmd/communik.san-solutions.in/user_panel/index.php on line 255
[17-Jun-2025 08:12:22 UTC] PHP Warning:  Undefined array key "user_id" in /home/rltnewmd/communik.san-solutions.in/user_panel/index.php on line 333
[17-Jun-2025 08:12:22 UTC] PHP Fatal error:  Uncaught mysqli_sql_exception: Table 'rltnewmd_employees_management.document_assignments' doesn't exist in /home/rltnewmd/communik.san-solutions.in/user_panel/index.php:334
Stack trace:
#0 /home/rltnewmd/communik.san-solutions.in/user_panel/index.php(334): mysqli->prepare()
#1 {main}
  thrown in /home/rltnewmd/communik.san-solutions.in/user_panel/index.php on line 334
[17-Jun-2025 08:12:48 UTC] Employee login successful: rohit@communikmarketing.com (Role: user)
[17-Jun-2025 08:12:48 UTC] PHP Warning:  Undefined array key "user_id" in /home/rltnewmd/communik.san-solutions.in/user_panel/index.php on line 255
[17-Jun-2025 08:12:48 UTC] PHP Warning:  Undefined array key "user_id" in /home/rltnewmd/communik.san-solutions.in/user_panel/index.php on line 333
[17-Jun-2025 08:12:48 UTC] PHP Fatal error:  Uncaught mysqli_sql_exception: Table 'rltnewmd_employees_management.document_assignments' doesn't exist in /home/rltnewmd/communik.san-solutions.in/user_panel/index.php:334
Stack trace:
#0 /home/rltnewmd/communik.san-solutions.in/user_panel/index.php(334): mysqli->prepare()
#1 {main}
  thrown in /home/rltnewmd/communik.san-solutions.in/user_panel/index.php on line 334
[17-Jun-2025 08:13:34 UTC] Employee login successful: moazzam@communikmarketing.com (Role: user)
[17-Jun-2025 08:13:34 UTC] PHP Warning:  Undefined array key "user_id" in /home/rltnewmd/communik.san-solutions.in/user_panel/index.php on line 255
[17-Jun-2025 08:13:34 UTC] PHP Warning:  Undefined array key "user_id" in /home/rltnewmd/communik.san-solutions.in/user_panel/index.php on line 333
[17-Jun-2025 08:13:34 UTC] PHP Fatal error:  Uncaught mysqli_sql_exception: Table 'rltnewmd_employees_management.document_assignments' doesn't exist in /home/rltnewmd/communik.san-solutions.in/user_panel/index.php:334
Stack trace:
#0 /home/rltnewmd/communik.san-solutions.in/user_panel/index.php(334): mysqli->prepare()
#1 {main}
  thrown in /home/rltnewmd/communik.san-solutions.in/user_panel/index.php on line 334
[17-Jun-2025 08:13:56 UTC] Employee login successful: mohamed.azaam@communikmarketing.com (Role: user)
[17-Jun-2025 08:13:56 UTC] PHP Warning:  Undefined array key "user_id" in /home/rltnewmd/communik.san-solutions.in/user_panel/index.php on line 255
[17-Jun-2025 08:13:56 UTC] PHP Warning:  Undefined array key "user_id" in /home/rltnewmd/communik.san-solutions.in/user_panel/index.php on line 333
[17-Jun-2025 08:13:56 UTC] PHP Fatal error:  Uncaught mysqli_sql_exception: Table 'rltnewmd_employees_management.document_assignments' doesn't exist in /home/rltnewmd/communik.san-solutions.in/user_panel/index.php:334
Stack trace:
#0 /home/rltnewmd/communik.san-solutions.in/user_panel/index.php(334): mysqli->prepare()
#1 {main}
  thrown in /home/rltnewmd/communik.san-solutions.in/user_panel/index.php on line 334
[17-Jun-2025 08:14:18 UTC] Employee login successful: asma.b@communikmarketing.com (Role: user)
[17-Jun-2025 08:14:18 UTC] PHP Warning:  Undefined array key "user_id" in /home/rltnewmd/communik.san-solutions.in/user_panel/index.php on line 255
[17-Jun-2025 08:14:18 UTC] PHP Warning:  Undefined array key "user_id" in /home/rltnewmd/communik.san-solutions.in/user_panel/index.php on line 333
[17-Jun-2025 08:14:18 UTC] PHP Fatal error:  Uncaught mysqli_sql_exception: Table 'rltnewmd_employees_management.document_assignments' doesn't exist in /home/rltnewmd/communik.san-solutions.in/user_panel/index.php:334
Stack trace:
#0 /home/rltnewmd/communik.san-solutions.in/user_panel/index.php(334): mysqli->prepare()
#1 {main}
  thrown in /home/rltnewmd/communik.san-solutions.in/user_panel/index.php on line 334
[17-Jun-2025 08:14:43 UTC] Password verification failed for employee: cv@communikmarketing.com
[17-Jun-2025 08:15:08 UTC] Employee login successful: rida@communikmarketing.com (Role: user)
[17-Jun-2025 08:15:09 UTC] PHP Warning:  Undefined array key "user_id" in /home/rltnewmd/communik.san-solutions.in/user_panel/index.php on line 255
[17-Jun-2025 08:15:09 UTC] PHP Warning:  Undefined array key "user_id" in /home/rltnewmd/communik.san-solutions.in/user_panel/index.php on line 333
[17-Jun-2025 08:15:09 UTC] PHP Fatal error:  Uncaught mysqli_sql_exception: Table 'rltnewmd_employees_management.document_assignments' doesn't exist in /home/rltnewmd/communik.san-solutions.in/user_panel/index.php:334
Stack trace:
#0 /home/rltnewmd/communik.san-solutions.in/user_panel/index.php(334): mysqli->prepare()
#1 {main}
  thrown in /home/rltnewmd/communik.san-solutions.in/user_panel/index.php on line 334
[17-Jun-2025 08:15:26 UTC] Employee login successful: nanda@communikmarketing.com (Role: user)
[17-Jun-2025 08:15:26 UTC] PHP Warning:  Undefined array key "user_id" in /home/rltnewmd/communik.san-solutions.in/user_panel/index.php on line 255
[17-Jun-2025 08:15:26 UTC] PHP Warning:  Undefined array key "user_id" in /home/rltnewmd/communik.san-solutions.in/user_panel/index.php on line 333
[17-Jun-2025 08:15:26 UTC] PHP Fatal error:  Uncaught mysqli_sql_exception: Table 'rltnewmd_employees_management.document_assignments' doesn't exist in /home/rltnewmd/communik.san-solutions.in/user_panel/index.php:334
Stack trace:
#0 /home/rltnewmd/communik.san-solutions.in/user_panel/index.php(334): mysqli->prepare()
#1 {main}
  thrown in /home/rltnewmd/communik.san-solutions.in/user_panel/index.php on line 334
[17-Jun-2025 08:15:45 UTC] Employee login successful: jashan@communikmarketing.com (Role: user)
[17-Jun-2025 08:15:45 UTC] PHP Warning:  Undefined array key "user_id" in /home/rltnewmd/communik.san-solutions.in/user_panel/index.php on line 255
[17-Jun-2025 08:15:45 UTC] PHP Warning:  Undefined array key "user_id" in /home/rltnewmd/communik.san-solutions.in/user_panel/index.php on line 333
[17-Jun-2025 08:15:45 UTC] PHP Fatal error:  Uncaught mysqli_sql_exception: Table 'rltnewmd_employees_management.document_assignments' doesn't exist in /home/rltnewmd/communik.san-solutions.in/user_panel/index.php:334
Stack trace:
#0 /home/rltnewmd/communik.san-solutions.in/user_panel/index.php(334): mysqli->prepare()
#1 {main}
  thrown in /home/rltnewmd/communik.san-solutions.in/user_panel/index.php on line 334
[17-Jun-2025 08:16:05 UTC] Employee login successful: aman@communikmarketing.com (Role: user)
[17-Jun-2025 08:16:05 UTC] PHP Warning:  Undefined array key "user_id" in /home/rltnewmd/communik.san-solutions.in/user_panel/index.php on line 255
[17-Jun-2025 08:16:05 UTC] PHP Warning:  Undefined array key "user_id" in /home/rltnewmd/communik.san-solutions.in/user_panel/index.php on line 333
[17-Jun-2025 08:16:05 UTC] PHP Fatal error:  Uncaught mysqli_sql_exception: Table 'rltnewmd_employees_management.document_assignments' doesn't exist in /home/rltnewmd/communik.san-solutions.in/user_panel/index.php:334
Stack trace:
#0 /home/rltnewmd/communik.san-solutions.in/user_panel/index.php(334): mysqli->prepare()
#1 {main}
  thrown in /home/rltnewmd/communik.san-solutions.in/user_panel/index.php on line 334
[17-Jun-2025 08:16:24 UTC] Employee login successful: shumaila@communikmarketing.com (Role: user)
[17-Jun-2025 08:16:25 UTC] PHP Warning:  Undefined array key "user_id" in /home/rltnewmd/communik.san-solutions.in/user_panel/index.php on line 255
[17-Jun-2025 08:16:25 UTC] PHP Warning:  Undefined array key "user_id" in /home/rltnewmd/communik.san-solutions.in/user_panel/index.php on line 333
[17-Jun-2025 08:16:25 UTC] PHP Fatal error:  Uncaught mysqli_sql_exception: Table 'rltnewmd_employees_management.document_assignments' doesn't exist in /home/rltnewmd/communik.san-solutions.in/user_panel/index.php:334
Stack trace:
#0 /home/rltnewmd/communik.san-solutions.in/user_panel/index.php(334): mysqli->prepare()
#1 {main}
  thrown in /home/rltnewmd/communik.san-solutions.in/user_panel/index.php on line 334
[17-Jun-2025 08:16:41 UTC] Employee login successful: muheet@communikmarketing.com (Role: user)
[17-Jun-2025 08:16:41 UTC] PHP Warning:  Undefined array key "user_id" in /home/rltnewmd/communik.san-solutions.in/user_panel/index.php on line 255
[17-Jun-2025 08:16:41 UTC] PHP Warning:  Undefined array key "user_id" in /home/rltnewmd/communik.san-solutions.in/user_panel/index.php on line 333
[17-Jun-2025 08:16:41 UTC] PHP Fatal error:  Uncaught mysqli_sql_exception: Table 'rltnewmd_employees_management.document_assignments' doesn't exist in /home/rltnewmd/communik.san-solutions.in/user_panel/index.php:334
Stack trace:
#0 /home/rltnewmd/communik.san-solutions.in/user_panel/index.php(334): mysqli->prepare()
#1 {main}
  thrown in /home/rltnewmd/communik.san-solutions.in/user_panel/index.php on line 334
[17-Jun-2025 08:29:36 UTC] Employee login successful: muheet@communikmarketing.com (Role: user)
[17-Jun-2025 08:29:36 UTC] PHP Warning:  Undefined array key "user_id" in /home/rltnewmd/communik.san-solutions.in/user_panel/index.php on line 255
[17-Jun-2025 08:29:36 UTC] PHP Warning:  Undefined array key "user_id" in /home/rltnewmd/communik.san-solutions.in/user_panel/index.php on line 333
[17-Jun-2025 08:29:36 UTC] PHP Fatal error:  Uncaught mysqli_sql_exception: Table 'rltnewmd_employees_management.document_assignments' doesn't exist in /home/rltnewmd/communik.san-solutions.in/user_panel/index.php:334
Stack trace:
#0 /home/rltnewmd/communik.san-solutions.in/user_panel/index.php(334): mysqli->prepare()
#1 {main}
  thrown in /home/rltnewmd/communik.san-solutions.in/user_panel/index.php on line 334
[17-Jun-2025 12:52:59 UTC] Session validation failed: []
[17-Jun-2025 12:53:34 UTC] Employee login successful: arslan@communikmarketing.com (Role: user)
[17-Jun-2025 12:53:34 UTC] PHP Warning:  Undefined array key "user_id" in /home/rltnewmd/communik.san-solutions.in/user_panel/index.php on line 255
[17-Jun-2025 12:53:34 UTC] PHP Warning:  Undefined array key "user_id" in /home/rltnewmd/communik.san-solutions.in/user_panel/index.php on line 333
[17-Jun-2025 12:53:34 UTC] PHP Fatal error:  Uncaught mysqli_sql_exception: Table 'rltnewmd_employees_management.document_assignments' doesn't exist in /home/rltnewmd/communik.san-solutions.in/user_panel/index.php:334
Stack trace:
#0 /home/rltnewmd/communik.san-solutions.in/user_panel/index.php(334): mysqli->prepare()
#1 {main}
  thrown in /home/rltnewmd/communik.san-solutions.in/user_panel/index.php on line 334
[20-Jun-2025 06:24:16 UTC] Admin login successful: communikadmin@communikmarketing.com (Type: admin)
[20-Jun-2025 06:27:29 UTC] Admin login successful: communikadmin@communikmarketing.com (Type: admin)
[20-Jun-2025 06:28:13 UTC] Employee login successful: hr@communikmarketing.com (Role: hr)
[20-Jun-2025 06:33:39 UTC] Admin login successful: communikadmin@communikmarketing.com (Type: admin)
[20-Jun-2025 06:37:26 UTC] PHP Deprecated:  htmlspecialchars(): Passing null to parameter #1 ($string) of type string is deprecated in /home/rltnewmd/communik.san-solutions.in/esignature/signed.php on line 145
[20-Jun-2025 06:50:58 UTC] Employee login successful: hr@communikmarketing.com (Role: hr)
[20-Jun-2025 06:51:45 UTC] Admin login successful: communikadmin@communikmarketing.com (Type: admin)
[20-Jun-2025 07:48:13 UTC] PHP Deprecated:  ucfirst(): Passing null to parameter #1 ($string) of type string is deprecated in /home/rltnewmd/communik.san-solutions.in/esignature/includes/sidebar.php on line 93
[20-Jun-2025 12:10:59 UTC] Admin login successful: communikadmin@communikmarketing.com (Type: admin)
[20-Jun-2025 12:24:56 UTC] PHP Deprecated:  htmlspecialchars(): Passing null to parameter #1 ($string) of type string is deprecated in /home/rltnewmd/communik.san-solutions.in/esignature/signed.php on line 145
[20-Jun-2025 12:57:10 UTC] PHP Fatal error:  Uncaught mysqli_sql_exception: Unknown column 'w.status' in 'SELECT' in /home/rltnewmd/communik.san-solutions.in/esignature/view.php:100
Stack trace:
#0 /home/rltnewmd/communik.san-solutions.in/esignature/view.php(100): mysqli->prepare()
#1 {main}
  thrown in /home/rltnewmd/communik.san-solutions.in/esignature/view.php on line 100
[20-Jun-2025 13:06:16 UTC] Employee login successful: hr@communikmarketing.com (Role: hr)
[20-Jun-2025 17:41:40 UTC] Employee login successful: hr@communikmarketing.com (Role: hr)
[20-Jun-2025 17:44:24 UTC] PHP Fatal error:  Uncaught mysqli_sql_exception: Unknown column 'dh.email' in 'SELECT' in /home/rltnewmd/communik.san-solutions.in/esignature/index.php:27
Stack trace:
#0 /home/rltnewmd/communik.san-solutions.in/esignature/index.php(27): mysqli->prepare()
#1 {main}
  thrown in /home/rltnewmd/communik.san-solutions.in/esignature/index.php on line 27
[20-Jun-2025 17:46:18 UTC] PHP Fatal error:  Uncaught mysqli_sql_exception: Unknown column 'dh.email' in 'SELECT' in /home/rltnewmd/communik.san-solutions.in/esignature/pending.php:27
Stack trace:
#0 /home/rltnewmd/communik.san-solutions.in/esignature/pending.php(27): mysqli->prepare()
#1 {main}
  thrown in /home/rltnewmd/communik.san-solutions.in/esignature/pending.php on line 27
[20-Jun-2025 17:47:04 UTC] PHP Fatal error:  Uncaught mysqli_sql_exception: Unknown column 'dh.email' in 'SELECT' in /home/rltnewmd/communik.san-solutions.in/esignature/sign.php:27
Stack trace:
#0 /home/rltnewmd/communik.san-solutions.in/esignature/sign.php(27): mysqli->prepare()
#1 {main}
  thrown in /home/rltnewmd/communik.san-solutions.in/esignature/sign.php on line 27
[20-Jun-2025 17:52:04 UTC] PHP Fatal error:  Uncaught mysqli_sql_exception: Unknown column 'dh.email' in 'SELECT' in /home/rltnewmd/communik.san-solutions.in/esignature/signed.php:27
Stack trace:
#0 /home/rltnewmd/communik.san-solutions.in/esignature/signed.php(27): mysqli->prepare()
#1 {main}
  thrown in /home/rltnewmd/communik.san-solutions.in/esignature/signed.php on line 27
[20-Jun-2025 17:56:13 UTC] PHP Deprecated:  htmlspecialchars(): Passing null to parameter #1 ($string) of type string is deprecated in /home/rltnewmd/communik.san-solutions.in/esignature/sign.php on line 211
[20-Jun-2025 17:56:13 UTC] PHP Deprecated:  htmlspecialchars(): Passing null to parameter #1 ($string) of type string is deprecated in /home/rltnewmd/communik.san-solutions.in/esignature/sign.php on line 211
[20-Jun-2025 17:56:13 UTC] PHP Deprecated:  htmlspecialchars(): Passing null to parameter #1 ($string) of type string is deprecated in /home/rltnewmd/communik.san-solutions.in/esignature/sign.php on line 211
[20-Jun-2025 17:59:39 UTC] PHP Deprecated:  htmlspecialchars(): Passing null to parameter #1 ($string) of type string is deprecated in /home/rltnewmd/communik.san-solutions.in/esignature/sign.php on line 211
[20-Jun-2025 17:59:39 UTC] PHP Deprecated:  htmlspecialchars(): Passing null to parameter #1 ($string) of type string is deprecated in /home/rltnewmd/communik.san-solutions.in/esignature/sign.php on line 211
[20-Jun-2025 17:59:39 UTC] PHP Deprecated:  htmlspecialchars(): Passing null to parameter #1 ($string) of type string is deprecated in /home/rltnewmd/communik.san-solutions.in/esignature/sign.php on line 211
[20-Jun-2025 18:06:35 UTC] PHP Fatal error:  Uncaught mysqli_sql_exception: Unknown column 'email' in 'SELECT' in /home/rltnewmd/communik.san-solutions.in/esignature/workflow.php:96
Stack trace:
#0 /home/rltnewmd/communik.san-solutions.in/esignature/workflow.php(96): mysqli->prepare()
#1 {main}
  thrown in /home/rltnewmd/communik.san-solutions.in/esignature/workflow.php on line 96
[20-Jun-2025 18:11:29 UTC] Employee login successful: hr@communikmarketing.com (Role: hr)
[20-Jun-2025 18:14:45 UTC] Employee login successful: hr@communikmarketing.com (Role: hr)
[20-Jun-2025 18:31:44 UTC] Employee login successful: hr@communikmarketing.com (Role: hr)
[20-Jun-2025 18:31:49 UTC] Employee login successful: hr@communikmarketing.com (Role: hr)
[21-Jun-2025 01:54:48 UTC] PHP Deprecated:  ucfirst(): Passing null to parameter #1 ($string) of type string is deprecated in /home/rltnewmd/communik.san-solutions.in/esignature/includes/sidebar.php on line 93
[23-Jun-2025 08:27:02 UTC] PHP Warning:  require(PHPMailer\PHPMailer.php): Failed to open stream: No such file or directory in /home/rltnewmd/communik.san-solutions.in/forgot_password.php on line 8
[23-Jun-2025 08:27:02 UTC] PHP Fatal error:  Uncaught Error: Failed opening required 'PHPMailer\PHPMailer.php' (include_path='.:/opt/alt/php82/usr/share/pear:/opt/alt/php82/usr/share/php:/usr/share/pear:/usr/share/php') in /home/rltnewmd/communik.san-solutions.in/forgot_password.php:8
Stack trace:
#0 {main}
  thrown in /home/rltnewmd/communik.san-solutions.in/forgot_password.php on line 8
[23-Jun-2025 11:39:30 UTC] Session validation failed: []
[23-Jun-2025 11:47:01 UTC] Session validation failed: []
[23-Jun-2025 11:47:17 UTC] Employee login successful: usman.t@communikmarketing.com (Role: user)
[23-Jun-2025 11:47:17 UTC] PHP Warning:  Undefined array key "user_id" in /home/rltnewmd/communik.san-solutions.in/user_panel/index.php on line 255
[23-Jun-2025 11:47:17 UTC] PHP Warning:  Undefined array key "user_id" in /home/rltnewmd/communik.san-solutions.in/user_panel/index.php on line 333
[23-Jun-2025 11:47:17 UTC] PHP Fatal error:  Uncaught mysqli_sql_exception: Unknown column 'emp_id' in 'WHERE' in /home/rltnewmd/communik.san-solutions.in/user_panel/index.php:334
Stack trace:
#0 /home/rltnewmd/communik.san-solutions.in/user_panel/index.php(334): mysqli->prepare()
#1 {main}
  thrown in /home/rltnewmd/communik.san-solutions.in/user_panel/index.php on line 334
[23-Jun-2025 11:49:37 UTC] PHP Warning:  Undefined array key "user_id" in /home/rltnewmd/communik.san-solutions.in/user_panel/index.php on line 255
[23-Jun-2025 11:49:37 UTC] PHP Warning:  Undefined array key "user_id" in /home/rltnewmd/communik.san-solutions.in/user_panel/index.php on line 333
[23-Jun-2025 11:49:37 UTC] PHP Fatal error:  Uncaught mysqli_sql_exception: Unknown column 'emp_id' in 'WHERE' in /home/rltnewmd/communik.san-solutions.in/user_panel/index.php:334
Stack trace:
#0 /home/rltnewmd/communik.san-solutions.in/user_panel/index.php(334): mysqli->prepare()
#1 {main}
  thrown in /home/rltnewmd/communik.san-solutions.in/user_panel/index.php on line 334
[23-Jun-2025 11:50:31 UTC] PHP Warning:  Undefined array key "user_id" in /home/rltnewmd/communik.san-solutions.in/user_panel/index.php on line 255
[23-Jun-2025 11:50:31 UTC] PHP Warning:  Undefined array key "user_id" in /home/rltnewmd/communik.san-solutions.in/user_panel/index.php on line 333
[23-Jun-2025 11:50:31 UTC] PHP Fatal error:  Uncaught mysqli_sql_exception: Unknown column 'emp_id' in 'WHERE' in /home/rltnewmd/communik.san-solutions.in/user_panel/index.php:334
Stack trace:
#0 /home/rltnewmd/communik.san-solutions.in/user_panel/index.php(334): mysqli->prepare()
#1 {main}
  thrown in /home/rltnewmd/communik.san-solutions.in/user_panel/index.php on line 334
[23-Jun-2025 11:51:47 UTC] PHP Warning:  Undefined array key "user_id" in /home/rltnewmd/communik.san-solutions.in/user_panel/index.php on line 255
[23-Jun-2025 11:51:47 UTC] PHP Warning:  Undefined array key "user_id" in /home/rltnewmd/communik.san-solutions.in/user_panel/index.php on line 333
[23-Jun-2025 11:51:47 UTC] PHP Fatal error:  Uncaught mysqli_sql_exception: Unknown column 'emp_id' in 'WHERE' in /home/rltnewmd/communik.san-solutions.in/user_panel/index.php:334
Stack trace:
#0 /home/rltnewmd/communik.san-solutions.in/user_panel/index.php(334): mysqli->prepare()
#1 {main}
  thrown in /home/rltnewmd/communik.san-solutions.in/user_panel/index.php on line 334
[23-Jun-2025 13:37:57 UTC] Employee login successful: rehmat@communikmarketing.com (Role: user)
[23-Jun-2025 13:37:57 UTC] PHP Warning:  Undefined array key "user_id" in /home/rltnewmd/communik.san-solutions.in/user_panel/index.php on line 255
[23-Jun-2025 13:37:57 UTC] PHP Warning:  Undefined array key "user_id" in /home/rltnewmd/communik.san-solutions.in/user_panel/index.php on line 333
[23-Jun-2025 13:37:57 UTC] PHP Fatal error:  Uncaught mysqli_sql_exception: Unknown column 'emp_id' in 'WHERE' in /home/rltnewmd/communik.san-solutions.in/user_panel/index.php:334
Stack trace:
#0 /home/rltnewmd/communik.san-solutions.in/user_panel/index.php(334): mysqli->prepare()
#1 {main}
  thrown in /home/rltnewmd/communik.san-solutions.in/user_panel/index.php on line 334
[24-Jun-2025 08:47:08 UTC] Employee login successful: rehmat@communikmarketing.com (Role: user)
[24-Jun-2025 08:47:09 UTC] PHP Warning:  Undefined array key "user_id" in /home/rltnewmd/communik.san-solutions.in/user_panel/index.php on line 255
[24-Jun-2025 08:47:09 UTC] PHP Warning:  Undefined array key "user_id" in /home/rltnewmd/communik.san-solutions.in/user_panel/index.php on line 333
[24-Jun-2025 08:47:09 UTC] PHP Fatal error:  Uncaught mysqli_sql_exception: Unknown column 'emp_id' in 'WHERE' in /home/rltnewmd/communik.san-solutions.in/user_panel/index.php:334
Stack trace:
#0 /home/rltnewmd/communik.san-solutions.in/user_panel/index.php(334): mysqli->prepare()
#1 {main}
  thrown in /home/rltnewmd/communik.san-solutions.in/user_panel/index.php on line 334
[25-Jun-2025 06:05:15 UTC] Employee login successful: hr@communikmarketing.com (Role: hr)
[25-Jun-2025 06:36:21 UTC] PHP Warning:  Undefined variable $user_type in /home/rltnewmd/communik.san-solutions.in/esignature/includes/sidebar.php on line 30
[25-Jun-2025 06:36:21 UTC] PHP Warning:  Undefined variable $user_type in /home/rltnewmd/communik.san-solutions.in/esignature/includes/sidebar.php on line 30
[25-Jun-2025 06:36:21 UTC] PHP Warning:  Undefined variable $user_type in /home/rltnewmd/communik.san-solutions.in/esignature/includes/sidebar.php on line 53
[25-Jun-2025 06:36:21 UTC] PHP Warning:  Undefined variable $user_type in /home/rltnewmd/communik.san-solutions.in/esignature/includes/sidebar.php on line 53
[25-Jun-2025 06:36:21 UTC] PHP Warning:  Undefined variable $user_type in /home/rltnewmd/communik.san-solutions.in/esignature/includes/sidebar.php on line 61
[25-Jun-2025 06:36:21 UTC] PHP Warning:  Undefined variable $user_type in /home/rltnewmd/communik.san-solutions.in/esignature/includes/sidebar.php on line 82
[25-Jun-2025 06:36:21 UTC] PHP Warning:  Undefined variable $user_type in /home/rltnewmd/communik.san-solutions.in/esignature/includes/sidebar.php on line 82
[25-Jun-2025 06:36:21 UTC] PHP Warning:  Undefined variable $user_type in /home/rltnewmd/communik.san-solutions.in/esignature/includes/sidebar.php on line 82
[25-Jun-2025 06:36:21 UTC] PHP Warning:  Undefined variable $user_name in /home/rltnewmd/communik.san-solutions.in/esignature/includes/sidebar.php on line 92
[25-Jun-2025 06:36:21 UTC] PHP Deprecated:  htmlspecialchars(): Passing null to parameter #1 ($string) of type string is deprecated in /home/rltnewmd/communik.san-solutions.in/esignature/includes/sidebar.php on line 92
[25-Jun-2025 06:36:21 UTC] PHP Warning:  Undefined variable $user_type in /home/rltnewmd/communik.san-solutions.in/esignature/includes/sidebar.php on line 93
[25-Jun-2025 06:36:21 UTC] PHP Deprecated:  ucfirst(): Passing null to parameter #1 ($string) of type string is deprecated in /home/rltnewmd/communik.san-solutions.in/esignature/includes/sidebar.php on line 93
[25-Jun-2025 06:36:21 UTC] PHP Warning:  include(includes/header.php): Failed to open stream: No such file or directory in /home/rltnewmd/communik.san-solutions.in/esignature/documents.php on line 25
[25-Jun-2025 06:36:21 UTC] PHP Warning:  include(): Failed opening 'includes/header.php' for inclusion (include_path='.:/opt/alt/php82/usr/share/pear:/opt/alt/php82/usr/share/php:/usr/share/pear:/usr/share/php') in /home/rltnewmd/communik.san-solutions.in/esignature/documents.php on line 25
[25-Jun-2025 06:36:21 UTC] PHP Warning:  include(includes/footer.php): Failed to open stream: No such file or directory in /home/rltnewmd/communik.san-solutions.in/esignature/documents.php on line 64
[25-Jun-2025 06:36:21 UTC] PHP Warning:  include(): Failed opening 'includes/footer.php' for inclusion (include_path='.:/opt/alt/php82/usr/share/pear:/opt/alt/php82/usr/share/php:/usr/share/pear:/usr/share/php') in /home/rltnewmd/communik.san-solutions.in/esignature/documents.php on line 64
[25-Jun-2025 06:39:01 UTC] PHP Warning:  Undefined variable $user_type in /home/rltnewmd/communik.san-solutions.in/esignature/includes/sidebar.php on line 30
[25-Jun-2025 06:39:01 UTC] PHP Warning:  Undefined variable $user_type in /home/rltnewmd/communik.san-solutions.in/esignature/includes/sidebar.php on line 30
[25-Jun-2025 06:39:01 UTC] PHP Warning:  Undefined variable $user_type in /home/rltnewmd/communik.san-solutions.in/esignature/includes/sidebar.php on line 53
[25-Jun-2025 06:39:01 UTC] PHP Warning:  Undefined variable $user_type in /home/rltnewmd/communik.san-solutions.in/esignature/includes/sidebar.php on line 53
[25-Jun-2025 06:39:01 UTC] PHP Warning:  Undefined variable $user_type in /home/rltnewmd/communik.san-solutions.in/esignature/includes/sidebar.php on line 61
[25-Jun-2025 06:39:01 UTC] PHP Warning:  Undefined variable $user_type in /home/rltnewmd/communik.san-solutions.in/esignature/includes/sidebar.php on line 82
[25-Jun-2025 06:39:01 UTC] PHP Warning:  Undefined variable $user_type in /home/rltnewmd/communik.san-solutions.in/esignature/includes/sidebar.php on line 82
[25-Jun-2025 06:39:01 UTC] PHP Warning:  Undefined variable $user_type in /home/rltnewmd/communik.san-solutions.in/esignature/includes/sidebar.php on line 82
[25-Jun-2025 06:39:01 UTC] PHP Warning:  Undefined variable $user_name in /home/rltnewmd/communik.san-solutions.in/esignature/includes/sidebar.php on line 92
[25-Jun-2025 06:39:01 UTC] PHP Deprecated:  htmlspecialchars(): Passing null to parameter #1 ($string) of type string is deprecated in /home/rltnewmd/communik.san-solutions.in/esignature/includes/sidebar.php on line 92
[25-Jun-2025 06:39:01 UTC] PHP Warning:  Undefined variable $user_type in /home/rltnewmd/communik.san-solutions.in/esignature/includes/sidebar.php on line 93
[25-Jun-2025 06:39:01 UTC] PHP Deprecated:  ucfirst(): Passing null to parameter #1 ($string) of type string is deprecated in /home/rltnewmd/communik.san-solutions.in/esignature/includes/sidebar.php on line 93
[25-Jun-2025 06:39:01 UTC] PHP Warning:  include(includes/footer.php): Failed to open stream: No such file or directory in /home/rltnewmd/communik.san-solutions.in/esignature/documents.php on line 64
[25-Jun-2025 06:39:01 UTC] PHP Warning:  include(): Failed opening 'includes/footer.php' for inclusion (include_path='.:/opt/alt/php82/usr/share/pear:/opt/alt/php82/usr/share/php:/usr/share/pear:/usr/share/php') in /home/rltnewmd/communik.san-solutions.in/esignature/documents.php on line 64
[25-Jun-2025 06:41:09 UTC] PHP Warning:  include(includes/footer.php): Failed to open stream: No such file or directory in /home/rltnewmd/communik.san-solutions.in/esignature/documents.php on line 128
[25-Jun-2025 06:41:09 UTC] PHP Warning:  include(): Failed opening 'includes/footer.php' for inclusion (include_path='.:/opt/alt/php82/usr/share/pear:/opt/alt/php82/usr/share/php:/usr/share/pear:/usr/share/php') in /home/rltnewmd/communik.san-solutions.in/esignature/documents.php on line 128
[25-Jun-2025 06:48:26 UTC] PHP Warning:  include(includes/footer.php): Failed to open stream: No such file or directory in /home/rltnewmd/communik.san-solutions.in/esignature/documents.php on line 128
[25-Jun-2025 06:48:26 UTC] PHP Warning:  include(): Failed opening 'includes/footer.php' for inclusion (include_path='.:/opt/alt/php82/usr/share/pear:/opt/alt/php82/usr/share/php:/usr/share/pear:/usr/share/php') in /home/rltnewmd/communik.san-solutions.in/esignature/documents.php on line 128
[25-Jun-2025 07:16:01 UTC] PHP Fatal error:  Uncaught Error: Call to undefined method AppraisalPeriod::getActivePeriods() in /home/rltnewmd/communik.san-solutions.in/hr_panel/appraisal/review_appraisals.php:15
Stack trace:
#0 {main}
  thrown in /home/rltnewmd/communik.san-solutions.in/hr_panel/appraisal/review_appraisals.php on line 15
[25-Jun-2025 07:22:55 UTC] PHP Warning:  Undefined variable $current_page in /home/rltnewmd/communik.san-solutions.in/hr_panel/sidebar.php on line 49
[25-Jun-2025 07:22:55 UTC] PHP Warning:  Undefined variable $current_page in /home/rltnewmd/communik.san-solutions.in/hr_panel/sidebar.php on line 51
[25-Jun-2025 07:22:55 UTC] PHP Warning:  Undefined variable $current_page in /home/rltnewmd/communik.san-solutions.in/hr_panel/sidebar.php on line 53
[25-Jun-2025 07:22:55 UTC] PHP Warning:  Undefined variable $document_collapsed in /home/rltnewmd/communik.san-solutions.in/hr_panel/sidebar.php on line 100
[25-Jun-2025 07:22:55 UTC] PHP Warning:  Undefined variable $document_show in /home/rltnewmd/communik.san-solutions.in/hr_panel/sidebar.php on line 101
[25-Jun-2025 07:22:55 UTC] PHP Warning:  Undefined variable $document_show in /home/rltnewmd/communik.san-solutions.in/hr_panel/sidebar.php on line 106
[25-Jun-2025 07:22:55 UTC] PHP Warning:  Undefined variable $current_page in /home/rltnewmd/communik.san-solutions.in/hr_panel/sidebar.php on line 110
[25-Jun-2025 07:22:55 UTC] PHP Warning:  Undefined variable $current_page in /home/rltnewmd/communik.san-solutions.in/hr_panel/sidebar.php on line 114
[25-Jun-2025 07:22:55 UTC] PHP Warning:  Undefined variable $current_page in /home/rltnewmd/communik.san-solutions.in/hr_panel/sidebar.php on line 118
[25-Jun-2025 07:22:55 UTC] PHP Warning:  Undefined variable $current_page in /home/rltnewmd/communik.san-solutions.in/hr_panel/sidebar.php on line 122
[25-Jun-2025 07:22:55 UTC] PHP Warning:  Undefined variable $current_page in /home/rltnewmd/communik.san-solutions.in/hr_panel/sidebar.php on line 126
[25-Jun-2025 07:22:55 UTC] PHP Fatal error:  Uncaught mysqli_sql_exception: Table 'rltnewmd_employees_management.department' doesn't exist in /home/rltnewmd/communik.san-solutions.in/hr_panel/appraisal/review_appraisals.php:76
Stack trace:
#0 /home/rltnewmd/communik.san-solutions.in/hr_panel/appraisal/review_appraisals.php(76): mysqli->query()
#1 {main}
  thrown in /home/rltnewmd/communik.san-solutions.in/hr_panel/appraisal/review_appraisals.php on line 76
[25-Jun-2025 07:26:33 UTC] PHP Warning:  Undefined variable $current_page in /home/rltnewmd/communik.san-solutions.in/hr_panel/sidebar.php on line 49
[25-Jun-2025 07:26:33 UTC] PHP Warning:  Undefined variable $current_page in /home/rltnewmd/communik.san-solutions.in/hr_panel/sidebar.php on line 51
[25-Jun-2025 07:26:33 UTC] PHP Warning:  Undefined variable $current_page in /home/rltnewmd/communik.san-solutions.in/hr_panel/sidebar.php on line 53
[25-Jun-2025 07:26:33 UTC] PHP Warning:  Undefined variable $document_collapsed in /home/rltnewmd/communik.san-solutions.in/hr_panel/sidebar.php on line 100
[25-Jun-2025 07:26:33 UTC] PHP Warning:  Undefined variable $document_show in /home/rltnewmd/communik.san-solutions.in/hr_panel/sidebar.php on line 101
[25-Jun-2025 07:26:33 UTC] PHP Warning:  Undefined variable $document_show in /home/rltnewmd/communik.san-solutions.in/hr_panel/sidebar.php on line 106
[25-Jun-2025 07:26:33 UTC] PHP Warning:  Undefined variable $current_page in /home/rltnewmd/communik.san-solutions.in/hr_panel/sidebar.php on line 110
[25-Jun-2025 07:26:33 UTC] PHP Warning:  Undefined variable $current_page in /home/rltnewmd/communik.san-solutions.in/hr_panel/sidebar.php on line 114
[25-Jun-2025 07:26:33 UTC] PHP Warning:  Undefined variable $current_page in /home/rltnewmd/communik.san-solutions.in/hr_panel/sidebar.php on line 118
[25-Jun-2025 07:26:33 UTC] PHP Warning:  Undefined variable $current_page in /home/rltnewmd/communik.san-solutions.in/hr_panel/sidebar.php on line 122
[25-Jun-2025 07:26:33 UTC] PHP Warning:  Undefined variable $current_page in /home/rltnewmd/communik.san-solutions.in/hr_panel/sidebar.php on line 126
[25-Jun-2025 07:34:20 UTC] PHP Warning:  Undefined variable $current_page in /home/rltnewmd/communik.san-solutions.in/hr_panel/sidebar.php on line 49
[25-Jun-2025 07:34:20 UTC] PHP Warning:  Undefined variable $current_page in /home/rltnewmd/communik.san-solutions.in/hr_panel/sidebar.php on line 51
[25-Jun-2025 07:34:20 UTC] PHP Warning:  Undefined variable $current_page in /home/rltnewmd/communik.san-solutions.in/hr_panel/sidebar.php on line 53
[25-Jun-2025 07:34:20 UTC] PHP Warning:  Undefined variable $document_collapsed in /home/rltnewmd/communik.san-solutions.in/hr_panel/sidebar.php on line 100
[25-Jun-2025 07:34:20 UTC] PHP Warning:  Undefined variable $document_show in /home/rltnewmd/communik.san-solutions.in/hr_panel/sidebar.php on line 101
[25-Jun-2025 07:34:20 UTC] PHP Warning:  Undefined variable $document_show in /home/rltnewmd/communik.san-solutions.in/hr_panel/sidebar.php on line 106
[25-Jun-2025 07:34:20 UTC] PHP Warning:  Undefined variable $current_page in /home/rltnewmd/communik.san-solutions.in/hr_panel/sidebar.php on line 110
[25-Jun-2025 07:34:20 UTC] PHP Warning:  Undefined variable $current_page in /home/rltnewmd/communik.san-solutions.in/hr_panel/sidebar.php on line 114
[25-Jun-2025 07:34:20 UTC] PHP Warning:  Undefined variable $current_page in /home/rltnewmd/communik.san-solutions.in/hr_panel/sidebar.php on line 118
[25-Jun-2025 07:34:20 UTC] PHP Warning:  Undefined variable $current_page in /home/rltnewmd/communik.san-solutions.in/hr_panel/sidebar.php on line 122
[25-Jun-2025 07:34:20 UTC] PHP Warning:  Undefined variable $current_page in /home/rltnewmd/communik.san-solutions.in/hr_panel/sidebar.php on line 126
[25-Jun-2025 07:34:21 UTC] PHP Warning:  Undefined variable $current_page in /home/rltnewmd/communik.san-solutions.in/hr_panel/sidebar.php on line 49
[25-Jun-2025 07:34:21 UTC] PHP Warning:  Undefined variable $current_page in /home/rltnewmd/communik.san-solutions.in/hr_panel/sidebar.php on line 51
[25-Jun-2025 07:34:21 UTC] PHP Warning:  Undefined variable $current_page in /home/rltnewmd/communik.san-solutions.in/hr_panel/sidebar.php on line 53
[25-Jun-2025 07:34:21 UTC] PHP Warning:  Undefined variable $document_collapsed in /home/rltnewmd/communik.san-solutions.in/hr_panel/sidebar.php on line 100
[25-Jun-2025 07:34:21 UTC] PHP Warning:  Undefined variable $document_show in /home/rltnewmd/communik.san-solutions.in/hr_panel/sidebar.php on line 101
[25-Jun-2025 07:34:21 UTC] PHP Warning:  Undefined variable $document_show in /home/rltnewmd/communik.san-solutions.in/hr_panel/sidebar.php on line 106
[25-Jun-2025 07:34:21 UTC] PHP Warning:  Undefined variable $current_page in /home/rltnewmd/communik.san-solutions.in/hr_panel/sidebar.php on line 110
[25-Jun-2025 07:34:21 UTC] PHP Warning:  Undefined variable $current_page in /home/rltnewmd/communik.san-solutions.in/hr_panel/sidebar.php on line 114
[25-Jun-2025 07:34:21 UTC] PHP Warning:  Undefined variable $current_page in /home/rltnewmd/communik.san-solutions.in/hr_panel/sidebar.php on line 118
[25-Jun-2025 07:34:21 UTC] PHP Warning:  Undefined variable $current_page in /home/rltnewmd/communik.san-solutions.in/hr_panel/sidebar.php on line 122
[25-Jun-2025 07:34:21 UTC] PHP Warning:  Undefined variable $current_page in /home/rltnewmd/communik.san-solutions.in/hr_panel/sidebar.php on line 126
[25-Jun-2025 07:34:25 UTC] PHP Warning:  Undefined variable $current_page in /home/rltnewmd/communik.san-solutions.in/hr_panel/sidebar.php on line 49
[25-Jun-2025 07:34:25 UTC] PHP Warning:  Undefined variable $current_page in /home/rltnewmd/communik.san-solutions.in/hr_panel/sidebar.php on line 51
[25-Jun-2025 07:34:25 UTC] PHP Warning:  Undefined variable $current_page in /home/rltnewmd/communik.san-solutions.in/hr_panel/sidebar.php on line 53
[25-Jun-2025 07:34:25 UTC] PHP Warning:  Undefined variable $document_collapsed in /home/rltnewmd/communik.san-solutions.in/hr_panel/sidebar.php on line 100
[25-Jun-2025 07:34:25 UTC] PHP Warning:  Undefined variable $document_show in /home/rltnewmd/communik.san-solutions.in/hr_panel/sidebar.php on line 101
[25-Jun-2025 07:34:25 UTC] PHP Warning:  Undefined variable $document_show in /home/rltnewmd/communik.san-solutions.in/hr_panel/sidebar.php on line 106
[25-Jun-2025 07:34:25 UTC] PHP Warning:  Undefined variable $current_page in /home/rltnewmd/communik.san-solutions.in/hr_panel/sidebar.php on line 110
[25-Jun-2025 07:34:25 UTC] PHP Warning:  Undefined variable $current_page in /home/rltnewmd/communik.san-solutions.in/hr_panel/sidebar.php on line 114
[25-Jun-2025 07:34:25 UTC] PHP Warning:  Undefined variable $current_page in /home/rltnewmd/communik.san-solutions.in/hr_panel/sidebar.php on line 118
[25-Jun-2025 07:34:25 UTC] PHP Warning:  Undefined variable $current_page in /home/rltnewmd/communik.san-solutions.in/hr_panel/sidebar.php on line 122
[25-Jun-2025 07:34:25 UTC] PHP Warning:  Undefined variable $current_page in /home/rltnewmd/communik.san-solutions.in/hr_panel/sidebar.php on line 126
[25-Jun-2025 10:24:31 UTC] Admin login successful: communikadmin@communikmarketing.com (Type: admin)
[25-Jun-2025 10:36:52 UTC] Admin login successful: communikadmin@communikmarketing.com (Type: admin)
[25-Jun-2025 10:41:28 UTC] Admin login successful: superadmin@communikmarketing.com (Type: super_admin)
[25-Jun-2025 10:42:14 UTC] Admin login successful: communikadmin@communikmarketing.com (Type: admin)
[25-Jun-2025 10:59:16 UTC] PHP Warning:  Undefined array key "user_name" in /home/rltnewmd/communik.san-solutions.in/esignature/includes/header.php on line 73
[25-Jun-2025 11:07:15 UTC] PHP Warning:  Undefined array key "admin_status" in /home/rltnewmd/communik.san-solutions.in/admin_panel/get_leave_details.php on line 58
[25-Jun-2025 11:07:15 UTC] PHP Warning:  Undefined array key "admin_remarks" in /home/rltnewmd/communik.san-solutions.in/admin_panel/get_leave_details.php on line 59
[25-Jun-2025 11:07:15 UTC] PHP Warning:  Undefined array key "admin_by" in /home/rltnewmd/communik.san-solutions.in/admin_panel/get_leave_details.php on line 60
[25-Jun-2025 11:07:15 UTC] PHP Warning:  Undefined array key "admin_action_date" in /home/rltnewmd/communik.san-solutions.in/admin_panel/get_leave_details.php on line 61
[25-Jun-2025 11:07:19 UTC] PHP Warning:  Undefined array key "login_user" in /home/rltnewmd/communik.san-solutions.in/admin_panel/generate_leave_slip.php on line 13
[25-Jun-2025 11:07:19 UTC] PHP Warning:  Undefined array key "action_date" in /home/rltnewmd/communik.san-solutions.in/admin_panel/generate_leave_slip.php on line 221
[25-Jun-2025 11:07:19 UTC] PHP Warning:  Undefined array key "admin_status" in /home/rltnewmd/communik.san-solutions.in/admin_panel/generate_leave_slip.php on line 232
[25-Jun-2025 11:07:19 UTC] PHP Deprecated:  strtolower(): Passing null to parameter #1 ($string) of type string is deprecated in /home/rltnewmd/communik.san-solutions.in/admin_panel/generate_leave_slip.php on line 232
[25-Jun-2025 11:07:19 UTC] PHP Warning:  Undefined array key "admin_status" in /home/rltnewmd/communik.san-solutions.in/admin_panel/generate_leave_slip.php on line 232
[25-Jun-2025 11:07:19 UTC] PHP Deprecated:  ucfirst(): Passing null to parameter #1 ($string) of type string is deprecated in /home/rltnewmd/communik.san-solutions.in/admin_panel/generate_leave_slip.php on line 232
[25-Jun-2025 11:07:19 UTC] PHP Warning:  Undefined array key "admin_action_date" in /home/rltnewmd/communik.san-solutions.in/admin_panel/generate_leave_slip.php on line 233
[25-Jun-2025 11:07:26 UTC] PHP Warning:  Undefined array key "login_user" in /home/rltnewmd/communik.san-solutions.in/admin_panel/generate_leave_slip.php on line 13
[25-Jun-2025 11:10:34 UTC] Employee login successful: hr@communikmarketing.com (Role: hr)
[25-Jun-2025 11:37:57 UTC] Admin login successful: communikadmin@communikmarketing.com (Type: admin)
[25-Jun-2025 11:42:58 UTC] Admin login successful: communikadmin@communikmarketing.com (Type: admin)
[25-Jun-2025 11:44:45 UTC] Admin login successful: communikadmin@communikmarketing.com (Type: admin)
[25-Jun-2025 11:49:27 UTC] Session validation failed: []
[25-Jun-2025 12:05:35 UTC] PHP Deprecated:  ucfirst(): Passing null to parameter #1 ($string) of type string is deprecated in /home/rltnewmd/communik.san-solutions.in/esignature/includes/sidebar.php on line 97
[25-Jun-2025 12:13:39 UTC] Session validation failed: []
[25-Jun-2025 12:13:40 UTC] Session validation failed: []
[26-Jun-2025 12:30:33 UTC] Employee login successful: rehmat@communikmarketing.com (Role: user)
[26-Jun-2025 12:30:33 UTC] PHP Warning:  Undefined array key "user_id" in /home/rltnewmd/communik.san-solutions.in/user_panel/index.php on line 255
[26-Jun-2025 12:30:33 UTC] PHP Warning:  Undefined array key "user_id" in /home/rltnewmd/communik.san-solutions.in/user_panel/index.php on line 333
[26-Jun-2025 12:30:33 UTC] PHP Fatal error:  Uncaught mysqli_sql_exception: Unknown column 'emp_id' in 'WHERE' in /home/rltnewmd/communik.san-solutions.in/user_panel/index.php:334
Stack trace:
#0 /home/rltnewmd/communik.san-solutions.in/user_panel/index.php(334): mysqli->prepare()
#1 {main}
  thrown in /home/rltnewmd/communik.san-solutions.in/user_panel/index.php on line 334
[26-Jun-2025 12:53:17 UTC] PHP Warning:  Undefined array key "user_id" in /home/rltnewmd/communik.san-solutions.in/user_panel/index.php on line 255
[26-Jun-2025 12:53:17 UTC] PHP Warning:  Undefined array key "user_id" in /home/rltnewmd/communik.san-solutions.in/user_panel/index.php on line 333
[26-Jun-2025 12:53:17 UTC] PHP Fatal error:  Uncaught mysqli_sql_exception: Unknown column 'emp_id' in 'WHERE' in /home/rltnewmd/communik.san-solutions.in/user_panel/index.php:334
Stack trace:
#0 /home/rltnewmd/communik.san-solutions.in/user_panel/index.php(334): mysqli->prepare()
#1 {main}
  thrown in /home/rltnewmd/communik.san-solutions.in/user_panel/index.php on line 334
[27-Jun-2025 09:33:03 UTC] Admin login successful: communikadmin@communikmarketing.com (Type: admin)
[28-Jun-2025 11:06:03 UTC] Admin login successful: communikadmin@communikmarketing.com (Type: admin)
[28-Jun-2025 17:08:47 UTC] Admin login successful: communikadmin@communikmarketing.com (Type: admin)
[28-Jun-2025 17:09:11 UTC] Employee login successful: support@communikmarketing.com (Role: user)
[28-Jun-2025 17:09:11 UTC] PHP Warning:  Undefined array key "user_id" in /home/rltnewmd/communik.san-solutions.in/user_panel/index.php on line 255
[28-Jun-2025 17:09:11 UTC] PHP Warning:  Undefined array key "user_id" in /home/rltnewmd/communik.san-solutions.in/user_panel/index.php on line 333
[28-Jun-2025 17:09:11 UTC] PHP Fatal error:  Uncaught mysqli_sql_exception: Unknown column 'emp_id' in 'WHERE' in /home/rltnewmd/communik.san-solutions.in/user_panel/index.php:334
Stack trace:
#0 /home/rltnewmd/communik.san-solutions.in/user_panel/index.php(334): mysqli->prepare()
#1 {main}
  thrown in /home/rltnewmd/communik.san-solutions.in/user_panel/index.php on line 334
[28-Jun-2025 18:33:39 UTC] Employee login successful: support@communikmarketing.com (Role: user)
[28-Jun-2025 18:33:39 UTC] PHP Warning:  Undefined array key "user_id" in /home/rltnewmd/communik.san-solutions.in/user_panel/index.php on line 255
[28-Jun-2025 18:33:39 UTC] PHP Warning:  Undefined array key "user_id" in /home/rltnewmd/communik.san-solutions.in/user_panel/index.php on line 333
[28-Jun-2025 18:33:39 UTC] PHP Fatal error:  Uncaught mysqli_sql_exception: Unknown column 'emp_id' in 'WHERE' in /home/rltnewmd/communik.san-solutions.in/user_panel/index.php:334
Stack trace:
#0 /home/rltnewmd/communik.san-solutions.in/user_panel/index.php(334): mysqli->prepare()
#1 {main}
  thrown in /home/rltnewmd/communik.san-solutions.in/user_panel/index.php on line 334
[28-Jun-2025 18:40:56 UTC] Session validation failed: {"eid":"CME0042","email":"support@communikmarketing.com","role":"USER","department":2,"department_name":"Sales Department","last_activity":1751136038,"user_name":"support","emp_id":104}
[28-Jun-2025 18:42:28 UTC] Employee login successful: support@communikmarketing.com (Role: user)
[28-Jun-2025 19:54:39 UTC] Session validation failed: {"eid":"CME0042","email":"support@communikmarketing.com","role":"USER","department":2,"department_name":"Sales Department","last_activity":1751140477,"user_name":"support","emp_id":104}
[28-Jun-2025 19:56:17 UTC] Admin login successful: communikadmin@communikmarketing.com (Type: admin)
[29-Jun-2025 10:53:50 UTC] Admin login successful: communikadmin@communikmarketing.com (Type: admin)
[29-Jun-2025 16:17:32 UTC] Admin login successful: communikadmin@communikmarketing.com (Type: admin)
[29-Jun-2025 17:24:25 UTC] Admin login successful: communikadmin@communikmarketing.com (Type: admin)
[29-Jun-2025 17:43:23 UTC] Admin login successful: communikadmin@communikmarketing.com (Type: admin)
[29-Jun-2025 17:43:32 UTC] Employee login successful: support@communikmarketing.com (Role: user)
[29-Jun-2025 17:46:43 UTC] Employee login successful: support@communikmarketing.com (Role: user)
[29-Jun-2025 17:46:53 UTC] Admin login successful: communikadmin@communikmarketing.com (Type: admin)
[29-Jun-2025 18:39:28 UTC] Employee login successful: hr@communikmarketing.com (Role: hr)
[29-Jun-2025 19:11:36 UTC] Employee login successful: hr@communikmarketing.com (Role: hr)
[30-Jun-2025 07:13:02 UTC] Session validation failed: []
[30-Jun-2025 07:13:18 UTC] Password verification failed for employee: hr@communikmarketing.com
[30-Jun-2025 09:26:37 UTC] Session validation failed: []
[30-Jun-2025 09:27:37 UTC] Employee login successful: arslan@communikmarketing.com (Role: user)
[30-Jun-2025 09:29:19 UTC] Employee login successful: rehmat@communikmarketing.com (Role: user)
[30-Jun-2025 16:03:36 UTC] Password verification failed for admin: communikadmin@communikmarketing.com
[30-Jun-2025 16:04:14 UTC] Admin login successful: communikadmin@communikmarketing.com (Type: admin)
[01-Jul-2025 07:49:07 UTC] Employee login successful: hr@communikmarketing.com (Role: hr)
[01-Jul-2025 07:50:07 UTC] Session validation failed: {"eid":"CME0005","email":"hr@communikmarketing.com","role":"HR","department":1,"department_name":"HR Department","last_activity":1751356191,"user_name":"hr","is_trainee":0}
[01-Jul-2025 07:50:16 UTC] Employee login successful: hr@communikmarketing.com (Role: hr)
[01-Jul-2025 09:11:37 UTC] Employee login successful: hr@communikmarketing.com (Role: hr)
[01-Jul-2025 09:58:18 UTC] Employee login successful: hr@communikmarketing.com (Role: hr)
[01-Jul-2025 09:59:25 UTC] Employee login successful: hr@communikmarketing.com (Role: hr)
[01-Jul-2025 10:02:48 UTC] Employee login successful: hr@communikmarketing.com (Role: hr)
[01-Jul-2025 11:31:01 UTC] Session validation failed: []
[01-Jul-2025 11:31:02 UTC] Session validation failed: []
[01-Jul-2025 14:05:50 UTC] Employee login successful: hr@communikmarketing.com (Role: hr)
[01-Jul-2025 15:43:17 UTC] Employee login successful: hr@communikmarketing.com (Role: hr)
[01-Jul-2025 15:47:58 UTC] Employee login successful: hr@communikmarketing.com (Role: hr)
[01-Jul-2025 18:17:45 UTC] Employee login successful: hr@communikmarketing.com (Role: hr)
[01-Jul-2025 18:44:51 UTC] Admin login successful: communikadmin@communikmarketing.com (Type: admin)
[01-Jul-2025 19:04:30 UTC] Employee login successful: hr@communikmarketing.com (Role: hr)
[01-Jul-2025 19:10:11 UTC] Admin login successful: communikadmin@communikmarketing.com (Type: admin)
[01-Jul-2025 19:11:13 UTC] Employee login successful: hr@communikmarketing.com (Role: hr)
[02-Jul-2025 02:41:12 UTC] Employee login successful: hr@communikmarketing.com (Role: hr)
[02-Jul-2025 02:46:54 UTC] Employee login successful: support@communikmarketing.com (Role: user)
[02-Jul-2025 03:15:57 UTC] Employee login successful: support@communikmarketing.com (Role: user)
[02-Jul-2025 03:20:20 UTC] Employee login successful: support@communikmarketing.com (Role: user)
[02-Jul-2025 05:44:09 UTC] Admin login successful: communikadmin@communikmarketing.com (Type: admin)
[02-Jul-2025 05:47:03 UTC] Password verification failed for employee: rehmat@communikmarketing.com
[02-Jul-2025 05:47:20 UTC] Employee login successful: rehmat@communikmarketing.com (Role: user)
[02-Jul-2025 05:58:49 UTC] Admin login successful: communikadmin@communikmarketing.com (Type: admin)
[02-Jul-2025 06:16:32 UTC] Employee login successful: support@communikmarketing.com (Role: user)
[02-Jul-2025 06:28:11 UTC] Employee login successful: support@communikmarketing.com (Role: user)
[02-Jul-2025 06:31:18 UTC] Employee login successful: rehmat@communikmarketing.com (Role: user)
[02-Jul-2025 06:33:54 UTC] Employee login successful: hr@communikmarketing.com (Role: hr)
[02-Jul-2025 06:36:21 UTC] PHP Warning:  Undefined variable $current_page in /home/rltnewmd/communik.san-solutions.in/hr_panel/sidebar.php on line 49
[02-Jul-2025 06:36:21 UTC] PHP Warning:  Undefined variable $current_page in /home/rltnewmd/communik.san-solutions.in/hr_panel/sidebar.php on line 51
[02-Jul-2025 06:36:21 UTC] PHP Warning:  Undefined variable $current_page in /home/rltnewmd/communik.san-solutions.in/hr_panel/sidebar.php on line 53
[02-Jul-2025 06:36:21 UTC] PHP Warning:  Undefined variable $document_collapsed in /home/rltnewmd/communik.san-solutions.in/hr_panel/sidebar.php on line 100
[02-Jul-2025 06:36:21 UTC] PHP Warning:  Undefined variable $document_show in /home/rltnewmd/communik.san-solutions.in/hr_panel/sidebar.php on line 101
[02-Jul-2025 06:36:21 UTC] PHP Warning:  Undefined variable $document_show in /home/rltnewmd/communik.san-solutions.in/hr_panel/sidebar.php on line 106
[02-Jul-2025 06:36:21 UTC] PHP Warning:  Undefined variable $current_page in /home/rltnewmd/communik.san-solutions.in/hr_panel/sidebar.php on line 110
[02-Jul-2025 06:36:21 UTC] PHP Warning:  Undefined variable $current_page in /home/rltnewmd/communik.san-solutions.in/hr_panel/sidebar.php on line 114
[02-Jul-2025 06:36:21 UTC] PHP Warning:  Undefined variable $current_page in /home/rltnewmd/communik.san-solutions.in/hr_panel/sidebar.php on line 118
[02-Jul-2025 06:36:21 UTC] PHP Warning:  Undefined variable $current_page in /home/rltnewmd/communik.san-solutions.in/hr_panel/sidebar.php on line 122
[02-Jul-2025 06:36:21 UTC] PHP Warning:  Undefined variable $current_page in /home/rltnewmd/communik.san-solutions.in/hr_panel/sidebar.php on line 126
[02-Jul-2025 06:36:35 UTC] PHP Warning:  Undefined variable $current_page in /home/rltnewmd/communik.san-solutions.in/hr_panel/sidebar.php on line 49
[02-Jul-2025 06:36:35 UTC] PHP Warning:  Undefined variable $current_page in /home/rltnewmd/communik.san-solutions.in/hr_panel/sidebar.php on line 51
[02-Jul-2025 06:36:35 UTC] PHP Warning:  Undefined variable $current_page in /home/rltnewmd/communik.san-solutions.in/hr_panel/sidebar.php on line 53
[02-Jul-2025 06:36:35 UTC] PHP Warning:  Undefined variable $document_collapsed in /home/rltnewmd/communik.san-solutions.in/hr_panel/sidebar.php on line 100
[02-Jul-2025 06:36:35 UTC] PHP Warning:  Undefined variable $document_show in /home/rltnewmd/communik.san-solutions.in/hr_panel/sidebar.php on line 101
[02-Jul-2025 06:36:35 UTC] PHP Warning:  Undefined variable $document_show in /home/rltnewmd/communik.san-solutions.in/hr_panel/sidebar.php on line 106
[02-Jul-2025 06:36:35 UTC] PHP Warning:  Undefined variable $current_page in /home/rltnewmd/communik.san-solutions.in/hr_panel/sidebar.php on line 110
[02-Jul-2025 06:36:35 UTC] PHP Warning:  Undefined variable $current_page in /home/rltnewmd/communik.san-solutions.in/hr_panel/sidebar.php on line 114
[02-Jul-2025 06:36:35 UTC] PHP Warning:  Undefined variable $current_page in /home/rltnewmd/communik.san-solutions.in/hr_panel/sidebar.php on line 118
[02-Jul-2025 06:36:35 UTC] PHP Warning:  Undefined variable $current_page in /home/rltnewmd/communik.san-solutions.in/hr_panel/sidebar.php on line 122
[02-Jul-2025 06:36:35 UTC] PHP Warning:  Undefined variable $current_page in /home/rltnewmd/communik.san-solutions.in/hr_panel/sidebar.php on line 126
[02-Jul-2025 06:37:11 UTC] Admin login successful: communikadmin@communikmarketing.com (Type: admin)
[02-Jul-2025 06:42:47 UTC] Employee login successful: support@communikmarketing.com (Role: user)
[02-Jul-2025 06:43:31 UTC] Session validation failed: {"eid":"CME0042","email":"support@communikmarketing.com","role":"USER","department":1,"department_name":"HR Department","last_activity":1751438597,"user_name":"support","is_trainee":0,"admin_id":4,"admin_type":"admin","emp_id":104}
[02-Jul-2025 06:48:45 UTC] Session validation failed: {"eid":"CME0042","email":"support@communikmarketing.com","role":"USER","department":1,"department_name":"HR Department","last_activity":1751438924,"user_name":"support","is_trainee":0,"admin_id":4,"admin_type":"admin","emp_id":104}
[02-Jul-2025 06:51:45 UTC] Session validation failed: []
[02-Jul-2025 06:57:27 UTC] Session validation failed: {"eid":"CME0042","email":"support@communikmarketing.com","role":"USER","department":1,"department_name":"HR Department","last_activity":1751438924,"user_name":"support","is_trainee":0,"admin_id":4,"admin_type":"admin","emp_id":104}
[02-Jul-2025 07:51:15 UTC] Session validation failed: []
[02-Jul-2025 07:51:15 UTC] Session validation failed: []
[02-Jul-2025 08:58:40 UTC] Session validation failed: []
[02-Jul-2025 08:58:50 UTC] Employee login successful: hr@communikmarketing.com (Role: hr)
[02-Jul-2025 11:53:53 UTC] Employee login successful: support@communikmarketing.com (Role: user)
[03-Jul-2025 05:23:31 UTC] Employee login successful: rehmat@communikmarketing.com (Role: user)
[03-Jul-2025 05:27:48 UTC] Session validation failed: []
[03-Jul-2025 05:31:26 UTC] Session validation failed: []
[03-Jul-2025 05:31:48 UTC] Password verification failed for admin: communikadmin@communikmarketing.com
[03-Jul-2025 05:32:14 UTC] Admin login successful: communikadmin@communikmarketing.com (Type: admin)
[03-Jul-2025 06:10:41 UTC] Employee login successful: hr@communikmarketing.com (Role: hr)
[03-Jul-2025 08:22:27 UTC] Employee login successful: hr@communikmarketing.com (Role: hr)
[03-Jul-2025 08:28:49 UTC] Admin login successful: communikadmin@communikmarketing.com (Type: admin)
[03-Jul-2025 09:46:03 UTC] Session validation failed: []
[03-Jul-2025 10:44:52 UTC] Admin login successful: communikadmin@communikmarketing.com (Type: admin)
[03-Jul-2025 10:59:49 UTC] Admin login successful: communikadmin@communikmarketing.com (Type: admin)
[03-Jul-2025 11:00:54 UTC] Employee login successful: hr@communikmarketing.com (Role: hr)
[03-Jul-2025 11:05:44 UTC] Admin login successful: communikadmin@communikmarketing.com (Type: admin)
[03-Jul-2025 11:19:25 UTC] Employee login successful: hr@communikmarketing.com (Role: hr)
[03-Jul-2025 11:55:16 UTC] Admin login successful: communikadmin@communikmarketing.com (Type: admin)
[03-Jul-2025 11:57:36 UTC] Employee login successful: hr@communikmarketing.com (Role: hr)
[03-Jul-2025 12:07:46 UTC] Employee login successful: hr@communikmarketing.com (Role: hr)
[03-Jul-2025 12:53:40 UTC] Employee login successful: rehmat@communikmarketing.com (Role: user)
[03-Jul-2025 12:54:33 UTC] Employee login successful: rehmat@communikmarketing.com (Role: user)
[03-Jul-2025 13:45:04 UTC] Employee login successful: hr@communikmarketing.com (Role: hr)
[03-Jul-2025 13:53:48 UTC] Employee login successful: hr@communikmarketing.com (Role: hr)
[04-Jul-2025 10:16:54 UTC] Admin login successful: communikadmin@communikmarketing.com (Type: admin)
[04-Jul-2025 12:19:51 UTC] Session validation failed: []
[04-Jul-2025 12:20:40 UTC] Admin login successful: communikadmin@communikmarketing.com (Type: admin)
[04-Jul-2025 13:53:10 UTC] Session validation failed: []
[04-Jul-2025 13:53:17 UTC] Admin login successful: communikadmin@communikmarketing.com (Type: admin)
[04-Jul-2025 13:56:12 UTC] Admin login successful: communikadmin@communikmarketing.com (Type: admin)
[04-Jul-2025 14:56:57 UTC] Admin login successful: communikadmin@communikmarketing.com (Type: admin)
[04-Jul-2025 16:24:54 UTC] Session validation failed: []
[04-Jul-2025 16:25:55 UTC] Session validation failed: []
[04-Jul-2025 17:22:34 UTC] Password verification failed for employee: rehmat@communikmarketing.com
[04-Jul-2025 17:23:05 UTC] Password verification failed for employee: rehmat@communikmarketing.com
[04-Jul-2025 17:23:25 UTC] Password verification failed for employee: rehmat@communikmarketing.com
[04-Jul-2025 17:23:49 UTC] Password verification failed for employee: rehmat@communikmarketing.com
[04-Jul-2025 17:24:22 UTC] Password verification failed for employee: rehmat@communikmarketing.com
[04-Jul-2025 17:37:05 UTC] Employee login successful: rehmat@communikmarketing.com (Role: user)
[05-Jul-2025 04:59:26 UTC] Session validation failed: []
[05-Jul-2025 14:33:58 UTC] Admin login successful: communikadmin@communikmarketing.com (Type: admin)
[06-Jul-2025 10:59:47 UTC] Admin login successful: communikadmin@communikmarketing.com (Type: admin)
[06-Jul-2025 12:29:20 UTC] Session validation failed: []
[06-Jul-2025 12:29:23 UTC] Admin login successful: communikadmin@communikmarketing.com (Type: admin)
[06-Jul-2025 13:00:46 UTC] Session validation failed: []
[06-Jul-2025 13:00:49 UTC] Admin login successful: communikadmin@communikmarketing.com (Type: admin)
[06-Jul-2025 19:03:43 UTC] PHP Warning:  require(PHPMailer\PHPMailer.php): Failed to open stream: No such file or directory in /home/rltnewmd/communik.san-solutions.in/forgot_password.php on line 8
[06-Jul-2025 19:03:43 UTC] PHP Fatal error:  Uncaught Error: Failed opening required 'PHPMailer\PHPMailer.php' (include_path='.:/opt/alt/php82/usr/share/pear:/opt/alt/php82/usr/share/php:/usr/share/pear:/usr/share/php') in /home/rltnewmd/communik.san-solutions.in/forgot_password.php:8
Stack trace:
#0 {main}
  thrown in /home/rltnewmd/communik.san-solutions.in/forgot_password.php on line 8
[06-Jul-2025 19:54:53 UTC] PHP Warning:  require(PHPMailer\PHPMailer.php): Failed to open stream: No such file or directory in /home/rltnewmd/communik.san-solutions.in/forgot_password.php on line 8
[06-Jul-2025 19:54:53 UTC] PHP Fatal error:  Uncaught Error: Failed opening required 'PHPMailer\PHPMailer.php' (include_path='.:/opt/alt/php82/usr/share/pear:/opt/alt/php82/usr/share/php:/usr/share/pear:/usr/share/php') in /home/rltnewmd/communik.san-solutions.in/forgot_password.php:8
Stack trace:
#0 {main}
  thrown in /home/rltnewmd/communik.san-solutions.in/forgot_password.php on line 8
[06-Jul-2025 22:03:08 UTC] PHP Warning:  require(PHPMailer\PHPMailer.php): Failed to open stream: No such file or directory in /home/rltnewmd/communik.san-solutions.in/forgot_password.php on line 8
[06-Jul-2025 22:03:08 UTC] PHP Fatal error:  Uncaught Error: Failed opening required 'PHPMailer\PHPMailer.php' (include_path='.:/opt/alt/php82/usr/share/pear:/opt/alt/php82/usr/share/php:/usr/share/pear:/usr/share/php') in /home/rltnewmd/communik.san-solutions.in/forgot_password.php:8
Stack trace:
#0 {main}
  thrown in /home/rltnewmd/communik.san-solutions.in/forgot_password.php on line 8
[07-Jul-2025 07:38:36 UTC] PHP Warning:  require(PHPMailer\PHPMailer.php): Failed to open stream: No such file or directory in /home/rltnewmd/communik.san-solutions.in/forgot_password.php on line 8
[07-Jul-2025 07:38:36 UTC] PHP Fatal error:  Uncaught Error: Failed opening required 'PHPMailer\PHPMailer.php' (include_path='.:/opt/alt/php82/usr/share/pear:/opt/alt/php82/usr/share/php:/usr/share/pear:/usr/share/php') in /home/rltnewmd/communik.san-solutions.in/forgot_password.php:8
Stack trace:
#0 {main}
  thrown in /home/rltnewmd/communik.san-solutions.in/forgot_password.php on line 8
[07-Jul-2025 08:45:31 UTC] Session validation failed: []
[07-Jul-2025 08:45:35 UTC] Admin login successful: communikadmin@communikmarketing.com (Type: admin)
[07-Jul-2025 11:16:51 UTC] Session validation failed: []
[07-Jul-2025 13:34:48 UTC] Admin login successful: communikadmin@communikmarketing.com (Type: admin)
[08-Jul-2025 05:06:40 UTC] Password verification failed for admin: communikadmin@communikmarketing.com
[08-Jul-2025 05:07:38 UTC] Admin login successful: communikadmin@communikmarketing.com (Type: admin)
[08-Jul-2025 06:02:41 UTC] Admin login successful: communikadmin@communikmarketing.com (Type: admin)
[08-Jul-2025 07:13:09 UTC] Session validation failed: []
[08-Jul-2025 07:13:12 UTC] Admin login successful: communikadmin@communikmarketing.com (Type: admin)
[08-Jul-2025 10:00:57 UTC] Admin login successful: communikadmin@communikmarketing.com (Type: admin)
[09-Jul-2025 10:12:29 UTC] Admin login successful: communikadmin@communikmarketing.com (Type: admin)
[11-Jul-2025 10:24:10 UTC] Admin login successful: communikadmin@communikmarketing.com (Type: admin)
[11-Jul-2025 11:31:11 UTC] Session validation failed: []
[11-Jul-2025 11:32:11 UTC] Session validation failed: []
[12-Jul-2025 15:39:24 UTC] Session validation failed: []
[12-Jul-2025 15:39:27 UTC] Admin login successful: communikadmin@communikmarketing.com (Type: admin)
[13-Jul-2025 11:30:59 UTC] Admin login successful: communikadmin@communikmarketing.com (Type: admin)
[15-Jul-2025 19:14:29 UTC] Employee login successful: rehmat@communikmarketing.com (Role: user)
[16-Jul-2025 05:53:11 UTC] Session validation failed: []
[16-Jul-2025 05:53:15 UTC] Admin login successful: communikadmin@communikmarketing.com (Type: admin)
[16-Jul-2025 07:41:13 UTC] Session validation failed: []
[16-Jul-2025 07:41:17 UTC] Admin login successful: communikadmin@communikmarketing.com (Type: admin)
[16-Jul-2025 09:05:47 UTC] Admin login successful: communikadmin@communikmarketing.com (Type: admin)
[16-Jul-2025 10:14:18 UTC] Session validation failed: []
[16-Jul-2025 10:14:18 UTC] Session validation failed: []
[16-Jul-2025 10:14:45 UTC] Admin login successful: communikadmin@communikmarketing.com (Type: admin)
[16-Jul-2025 10:19:19 UTC] Session validation failed: []
[16-Jul-2025 13:45:20 UTC] Session validation failed: []
[17-Jul-2025 05:12:04 UTC] Admin login successful: communikadmin@communikmarketing.com (Type: admin)
[17-Jul-2025 05:17:03 UTC] Session validation failed: []
[17-Jul-2025 05:17:07 UTC] Admin login successful: communikadmin@communikmarketing.com (Type: admin)
[17-Jul-2025 08:04:48 UTC] Session validation failed: []
[17-Jul-2025 08:05:19 UTC] Admin login successful: communikadmin@communikmarketing.com (Type: admin)
[17-Jul-2025 10:22:02 UTC] Session validation failed: []
[17-Jul-2025 10:22:58 UTC] Admin login successful: communikadmin@communikmarketing.com (Type: admin)
[17-Jul-2025 12:33:04 UTC] Admin login successful: communikadmin@communikmarketing.com (Type: admin)
[18-Jul-2025 06:36:55 UTC] Admin login successful: communikadmin@communikmarketing.com (Type: admin)
[18-Jul-2025 08:18:27 UTC] Session validation failed: []
[18-Jul-2025 08:18:31 UTC] Admin login successful: communikadmin@communikmarketing.com (Type: admin)
[18-Jul-2025 13:54:34 UTC] Session validation failed: []
[18-Jul-2025 14:00:06 UTC] Admin login successful: communikadmin@communikmarketing.com (Type: admin)
[19-Jul-2025 05:24:47 UTC] Admin login successful: communikadmin@communikmarketing.com (Type: admin)
[19-Jul-2025 10:17:38 UTC] Admin login successful: communikadmin@communikmarketing.com (Type: admin)
[19-Jul-2025 11:31:06 UTC] Admin login successful: communikadmin@communikmarketing.com (Type: admin)
[21-Jul-2025 05:16:25 UTC] Session validation failed: []
[21-Jul-2025 05:16:29 UTC] Admin login successful: communikadmin@communikmarketing.com (Type: admin)
[21-Jul-2025 06:28:50 UTC] Admin login successful: communikadmin@communikmarketing.com (Type: admin)
[21-Jul-2025 06:30:57 UTC] Session validation failed: []
[21-Jul-2025 06:31:03 UTC] Admin login successful: communikadmin@communikmarketing.com (Type: admin)
[21-Jul-2025 06:53:48 UTC] Admin login successful: communikadmin@communikmarketing.com (Type: admin)
[21-Jul-2025 07:09:08 UTC] Employee login successful: usman.t@communikmarketing.com (Role: user)
[21-Jul-2025 07:16:48 UTC] PHP Warning:  Undefined array key "login_user" in /home/rltnewmd/communik.san-solutions.in/admin_panel/generate_leave_slip.php on line 13
[21-Jul-2025 07:18:52 UTC] Admin login successful: communikadmin@communikmarketing.com (Type: admin)
[21-Jul-2025 08:36:12 UTC] Session validation failed: []
[21-Jul-2025 08:36:17 UTC] Admin login successful: communikadmin@communikmarketing.com (Type: admin)
[21-Jul-2025 08:56:51 UTC] Admin login successful: communikadmin@communikmarketing.com (Type: admin)
[21-Jul-2025 10:07:39 UTC] Session validation failed: []
[21-Jul-2025 11:09:55 UTC] Session validation failed: []
[21-Jul-2025 11:09:59 UTC] Admin login successful: communikadmin@communikmarketing.com (Type: admin)
[21-Jul-2025 11:24:54 UTC] Session validation failed: []
[21-Jul-2025 11:25:02 UTC] Session validation failed: []
[21-Jul-2025 11:25:19 UTC] Session validation failed: []
[21-Jul-2025 11:26:48 UTC] Admin login successful: communikadmin@communikmarketing.com (Type: admin)
[21-Jul-2025 11:27:22 UTC] Admin login successful: communikadmin@communikmarketing.com (Type: admin)
[21-Jul-2025 11:48:15 UTC] Admin login successful: communikadmin@communikmarketing.com (Type: admin)
[21-Jul-2025 12:36:07 UTC] Session validation failed: []
[21-Jul-2025 12:36:10 UTC] Admin login successful: communikadmin@communikmarketing.com (Type: admin)
[21-Jul-2025 13:46:30 UTC] Session validation failed: []
[21-Jul-2025 13:46:32 UTC] Admin login successful: communikadmin@communikmarketing.com (Type: admin)
[21-Jul-2025 18:26:21 UTC] Admin login successful: communikadmin@communikmarketing.com (Type: admin)
[21-Jul-2025 18:28:52 UTC] Employee login successful: hr@communikmarketing.com (Role: hr)
[21-Jul-2025 18:50:28 UTC] Admin login successful: communikadmin@communikmarketing.com (Type: admin)
[21-Jul-2025 18:55:42 UTC] Employee login successful: hr@communikmarketing.com (Role: hr)
[21-Jul-2025 18:56:05 UTC] Admin login successful: communikadmin@communikmarketing.com (Type: admin)
[22-Jul-2025 05:07:21 UTC] Session validation failed: []
[22-Jul-2025 05:07:24 UTC] Admin login successful: communikadmin@communikmarketing.com (Type: admin)
[22-Jul-2025 05:52:18 UTC] Session validation failed: []
[22-Jul-2025 09:21:19 UTC] Session validation failed: []
[22-Jul-2025 09:22:20 UTC] Session validation failed: []
[22-Jul-2025 09:54:55 UTC] Session validation failed: []
[22-Jul-2025 09:54:58 UTC] Admin login successful: communikadmin@communikmarketing.com (Type: admin)
[22-Jul-2025 10:16:37 UTC] Admin login successful: communikadmin@communikmarketing.com (Type: admin)
[22-Jul-2025 10:35:03 UTC] Session validation failed: []
[22-Jul-2025 10:35:32 UTC] Admin login successful: communikadmin@communikmarketing.com (Type: admin)
[22-Jul-2025 10:36:26 UTC] Admin login successful: communikadmin@communikmarketing.com (Type: admin)
[22-Jul-2025 11:22:14 UTC] Session validation failed: []
[22-Jul-2025 11:22:16 UTC] Admin login successful: communikadmin@communikmarketing.com (Type: admin)
[22-Jul-2025 12:03:10 UTC] Session validation failed: []
[22-Jul-2025 12:10:24 UTC] Admin login successful: communikadmin@communikmarketing.com (Type: admin)
[22-Jul-2025 12:22:46 UTC] Admin login successful: communikadmin@communikmarketing.com (Type: admin)
[22-Jul-2025 13:13:46 UTC] Session validation failed: []
[22-Jul-2025 13:14:03 UTC] Admin login successful: communikadmin@communikmarketing.com (Type: admin)
[22-Jul-2025 13:39:09 UTC] Session validation failed: []
[23-Jul-2025 05:12:46 UTC] Admin login successful: communikadmin@communikmarketing.com (Type: admin)
[23-Jul-2025 05:19:14 UTC] Session validation failed: []
[23-Jul-2025 05:20:37 UTC] Password verification failed for employee: bashid@communikmarketing.com
[23-Jul-2025 05:21:02 UTC] Employee login successful: usman.t@communikmarketing.com (Role: user)
[23-Jul-2025 05:22:41 UTC] Admin login successful: communikadmin@communikmarketing.com (Type: admin)
[23-Jul-2025 05:24:46 UTC] Employee login successful: hr@communikmarketing.com (Role: hr)
[23-Jul-2025 05:25:39 UTC] Admin login successful: communikadmin@communikmarketing.com (Type: admin)
[23-Jul-2025 05:26:11 UTC] Employee login successful: usman.t@communikmarketing.com (Role: user)
[23-Jul-2025 05:26:53 UTC] Employee login successful: hr@communikmarketing.com (Role: hr)
[23-Jul-2025 05:28:57 UTC] Employee login successful: hr@communikmarketing.com (Role: hr)
[23-Jul-2025 05:30:03 UTC] Session validation failed: []
[23-Jul-2025 05:30:18 UTC] Admin login successful: communikadmin@communikmarketing.com (Type: admin)
[23-Jul-2025 05:33:04 UTC] Employee login successful: usman.t@communikmarketing.com (Role: user)
[23-Jul-2025 05:41:41 UTC] Session validation failed: []
[23-Jul-2025 05:45:16 UTC] Admin login successful: communikadmin@communikmarketing.com (Type: admin)
[23-Jul-2025 05:52:04 UTC] Employee login successful: hr@communikmarketing.com (Role: hr)
[23-Jul-2025 05:54:49 UTC] Employee login successful: hr@communikmarketing.com (Role: hr)
[23-Jul-2025 05:55:29 UTC] Admin login successful: communikadmin@communikmarketing.com (Type: admin)
[23-Jul-2025 05:56:57 UTC] Session validation failed: []
[23-Jul-2025 05:57:43 UTC] Admin login successful: communikadmin@communikmarketing.com (Type: admin)
[23-Jul-2025 06:29:25 UTC] Session validation failed: []
[23-Jul-2025 06:42:12 UTC] Admin login successful: communikadmin@communikmarketing.com (Type: admin)
[23-Jul-2025 10:07:20 UTC] Admin login successful: communikadmin@communikmarketing.com (Type: admin)
[23-Jul-2025 10:11:52 UTC] Employee login successful: support@communikmarketing.com (Role: user)
[23-Jul-2025 10:48:52 UTC] Admin login successful: communikadmin@communikmarketing.com (Type: admin)
[23-Jul-2025 10:51:53 UTC] Admin login successful: communikadmin@communikmarketing.com (Type: admin)
[23-Jul-2025 10:54:34 UTC] Session validation failed: []
[23-Jul-2025 10:54:52 UTC] Admin login successful: communikadmin@communikmarketing.com (Type: admin)
[23-Jul-2025 11:04:34 UTC] Employee login successful: support@communikmarketing.com (Role: user)
[23-Jul-2025 11:06:25 UTC] Session validation failed: []
[23-Jul-2025 11:06:44 UTC] Admin login successful: communikadmin@communikmarketing.com (Type: admin)
[23-Jul-2025 11:16:44 UTC] Session validation failed: []
[23-Jul-2025 11:16:48 UTC] Admin login successful: communikadmin@communikmarketing.com (Type: admin)
[23-Jul-2025 11:17:22 UTC] Password verification failed for employee: usman.t@communikmarketing.com
[23-Jul-2025 11:18:05 UTC] Employee login successful: usman.t@communikmarketing.com (Role: user)
[23-Jul-2025 11:22:58 UTC] Employee login successful: hr@communikmarketing.com (Role: hr)
[23-Jul-2025 11:25:24 UTC] Employee login successful: usman.t@communikmarketing.com (Role: user)
[23-Jul-2025 11:26:42 UTC] Employee login successful: hr@communikmarketing.com (Role: hr)
[23-Jul-2025 11:34:12 UTC] Employee login successful: usman.t@communikmarketing.com (Role: user)
[23-Jul-2025 11:35:38 UTC] Admin login successful: communikadmin@communikmarketing.com (Type: admin)
[23-Jul-2025 11:37:34 UTC] Password verification failed for employee: usman.t@communikmarketing.com
[23-Jul-2025 11:38:04 UTC] Employee login successful: usman.t@communikmarketing.com (Role: user)
[23-Jul-2025 11:39:17 UTC] Admin login successful: communikadmin@communikmarketing.com (Type: admin)
[23-Jul-2025 11:44:30 UTC] Password verification failed for employee: usman.t@communikmarketing.com
[23-Jul-2025 11:45:00 UTC] Password verification failed for admin: communikadmin@communikmarketing.com
[23-Jul-2025 11:45:14 UTC] Employee login successful: usman.t@communikmarketing.com (Role: user)
[23-Jul-2025 11:49:04 UTC] Employee login successful: sameer@communikmarketing.com (Role: user)
[23-Jul-2025 11:49:41 UTC] Admin login successful: communikadmin@communikmarketing.com (Type: admin)
[24-Jul-2025 10:22:52 UTC] Password verification failed for admin: communikadmin@communikmarketing.com
[24-Jul-2025 10:23:20 UTC] Admin login successful: communikadmin@communikmarketing.com (Type: admin)
[24-Jul-2025 11:17:07 UTC] Session validation failed: []
[24-Jul-2025 11:17:18 UTC] Admin login successful: communikadmin@communikmarketing.com (Type: admin)
[24-Jul-2025 14:13:53 UTC] Session validation failed: []
[24-Jul-2025 14:13:57 UTC] Admin login successful: communikadmin@communikmarketing.com (Type: admin)
[25-Jul-2025 06:24:36 UTC] Session validation failed: []
[25-Jul-2025 06:24:39 UTC] Admin login successful: communikadmin@communikmarketing.com (Type: admin)
[25-Jul-2025 06:43:38 UTC] Employee login successful: usman.t@communikmarketing.com (Role: user)
[26-Jul-2025 06:19:32 UTC] Session validation failed: []
[26-Jul-2025 06:19:37 UTC] Admin login successful: communikadmin@communikmarketing.com (Type: admin)
[26-Jul-2025 06:19:52 UTC] Session validation failed: []
[26-Jul-2025 06:19:58 UTC] Employee login successful: hr@communikmarketing.com (Role: hr)
[26-Jul-2025 06:21:28 UTC] Employee login successful: usman.t@communikmarketing.com (Role: user)
[26-Jul-2025 07:06:47 UTC] Admin login successful: communikadmin@communikmarketing.com (Type: admin)
[26-Jul-2025 07:07:41 UTC] Employee login successful: usman.t@communikmarketing.com (Role: user)
[26-Jul-2025 07:40:36 UTC] Admin login successful: communikadmin@communikmarketing.com (Type: admin)
[26-Jul-2025 08:58:58 UTC] Session validation failed: []
[26-Jul-2025 08:59:02 UTC] Admin login successful: communikadmin@communikmarketing.com (Type: admin)
[26-Jul-2025 09:01:16 UTC] Employee login successful: hr@communikmarketing.com (Role: hr)
[26-Jul-2025 09:47:37 UTC] Employee login successful: hr@communikmarketing.com (Role: hr)
[26-Jul-2025 09:54:02 UTC] Admin login successful: communikadmin@communikmarketing.com (Type: admin)
[26-Jul-2025 09:55:11 UTC] Employee login successful: hr@communikmarketing.com (Role: hr)
[26-Jul-2025 09:56:45 UTC] Admin login successful: communikadmin@communikmarketing.com (Type: admin)
[26-Jul-2025 10:00:06 UTC] Employee login successful: hr@communikmarketing.com (Role: hr)
[26-Jul-2025 10:00:25 UTC] Session validation failed: {"eid":"CME0005","email":"hr@communikmarketing.com","role":"HR","department":1,"department_name":"HR Department","last_activity":1753524009,"user_name":"hr","is_trainee":0,"admin_id":4,"admin_type":"admin"}
[26-Jul-2025 10:00:29 UTC] Session validation failed: {"eid":"CME0005","email":"hr@communikmarketing.com","role":"HR","department":1,"department_name":"HR Department","last_activity":1753524009,"user_name":"hr","is_trainee":0,"admin_id":4,"admin_type":"admin"}
[26-Jul-2025 10:00:45 UTC] Session validation failed: {"eid":"CME0005","email":"hr@communikmarketing.com","role":"HR","department":1,"department_name":"HR Department","last_activity":1753524009,"user_name":"hr","is_trainee":0,"admin_id":4,"admin_type":"admin"}
[26-Jul-2025 10:00:50 UTC] Admin login successful: communikadmin@communikmarketing.com (Type: admin)
[26-Jul-2025 10:02:05 UTC] Employee login successful: hr@communikmarketing.com (Role: hr)
[26-Jul-2025 10:02:29 UTC] Admin login successful: communikadmin@communikmarketing.com (Type: admin)
[26-Jul-2025 10:03:06 UTC] Employee login successful: hr@communikmarketing.com (Role: hr)
[26-Jul-2025 10:03:37 UTC] Admin login successful: communikadmin@communikmarketing.com (Type: admin)
[26-Jul-2025 10:05:22 UTC] Employee login successful: hr@communikmarketing.com (Role: hr)
[26-Jul-2025 10:07:18 UTC] Employee login successful: usman.t@communikmarketing.com (Role: user)
[26-Jul-2025 10:13:54 UTC] Admin login successful: communikadmin@communikmarketing.com (Type: admin)
[26-Jul-2025 10:14:22 UTC] Employee login successful: usman.t@communikmarketing.com (Role: user)
[26-Jul-2025 10:20:24 UTC] Admin login successful: communikadmin@communikmarketing.com (Type: admin)
[26-Jul-2025 10:20:34 UTC] Employee login successful: hr@communikmarketing.com (Role: hr)
[26-Jul-2025 11:25:57 UTC] Session validation failed: []
[26-Jul-2025 11:52:01 UTC] Session validation failed: []
[26-Jul-2025 11:52:12 UTC] Session validation failed: []
[26-Jul-2025 11:52:18 UTC] Employee login successful: hr@communikmarketing.com (Role: hr)
[26-Jul-2025 11:52:58 UTC] Admin login successful: communikadmin@communikmarketing.com (Type: admin)
[26-Jul-2025 14:03:16 UTC] Session validation failed: []
[26-Jul-2025 14:03:22 UTC] Admin login successful: communikadmin@communikmarketing.com (Type: admin)
[26-Jul-2025 14:03:32 UTC] Session validation failed: []
[26-Jul-2025 14:06:46 UTC] Employee login successful: arslan@communikmarketing.com (Role: user)
[26-Jul-2025 14:09:09 UTC] Employee login successful: sameer@communikmarketing.com (Role: user)
[26-Jul-2025 14:09:33 UTC] Employee login successful: hr@communikmarketing.com (Role: hr)
[26-Jul-2025 14:10:28 UTC] Employee login successful: usman.t@communikmarketing.com (Role: user)
[26-Jul-2025 14:11:01 UTC] Employee login successful: rehmat@communikmarketing.com (Role: user)
[26-Jul-2025 14:11:34 UTC] Employee login successful: yeakub.ali@communikmarketing.com (Role: user)
[26-Jul-2025 14:12:49 UTC] Employee login successful: rehmat@communikmarketing.com (Role: user)
[26-Jul-2025 14:13:25 UTC] Employee login successful: ali.abbas@communikmarketing.com (Role: user)
[26-Jul-2025 14:14:17 UTC] Employee login successful: rohit@communikmarketing.com (Role: user)
[26-Jul-2025 14:14:59 UTC] Employee login successful: moazzam@communikmarketing.com (Role: user)
[26-Jul-2025 14:15:29 UTC] Employee login successful: mohamed.azaam@communikmarketing.com (Role: user)
[26-Jul-2025 14:16:18 UTC] Employee login successful: asma.b@communikmarketing.com (Role: user)
[26-Jul-2025 14:17:09 UTC] Password verification failed for employee: cv@communikmarketing.com
[26-Jul-2025 14:18:31 UTC] Employee login successful: cv@communikmarketing.com (Role: user)
[26-Jul-2025 14:19:46 UTC] Employee login successful: rida@communikmarketing.com (Role: user)
[26-Jul-2025 14:20:35 UTC] Employee login successful: nanda@communikmarketing.com (Role: user)
[26-Jul-2025 14:22:20 UTC] Employee login successful: jashan@communikmarketing.com (Role: user)
[26-Jul-2025 14:24:05 UTC] Employee login successful: aman@communikmarketing.com (Role: user)
[26-Jul-2025 14:24:53 UTC] Employee login successful: shumaila@communikmarketing.com (Role: user)
[26-Jul-2025 14:25:24 UTC] Employee login successful: muheet@communikmarketing.com (Role: user)
[26-Jul-2025 14:26:07 UTC] Employee login successful: nauman@communikmarketing.com (Role: user)
[26-Jul-2025 14:26:33 UTC] Employee login successful: muheet@communikmarketing.com (Role: user)
[26-Jul-2025 14:27:01 UTC] Employee login successful: ariba@communikmarketing.com (Role: user)
[26-Jul-2025 14:27:33 UTC] Employee login successful: aizaz@communikmarketing.com (Role: user)
[26-Jul-2025 14:28:07 UTC] Employee login successful: saira@communikmarketing.com (Role: user)
[26-Jul-2025 14:28:57 UTC] Employee login successful: shega@communikmarketing.com (Role: user)
[26-Jul-2025 14:29:15 UTC] Employee login successful: muzammil@communikmarketing.com (Role: user)
[26-Jul-2025 14:30:42 UTC] Employee login successful: zaminul@communikmarketing.com (Role: user)
[26-Jul-2025 14:32:26 UTC] Employee login successful: sandeep@communikmarketing.com (Role: user)
[26-Jul-2025 14:32:55 UTC] Employee login successful: ezzat@communikmarketing.com (Role: user)
[26-Jul-2025 14:34:29 UTC] No user found with email: zahra.w@communikmarketing.com
[26-Jul-2025 14:36:08 UTC] No user found with email: zahra.w@communikmarketing.com
[26-Jul-2025 14:36:26 UTC] No user found with email: zahra.w@communikmarketing.com
[26-Jul-2025 14:38:43 UTC] Employee login successful: masrooq@communikmarketing.com (Role: user)
[26-Jul-2025 14:40:17 UTC] Employee login successful: saumya@communikmarketing.com (Role: user)
[26-Jul-2025 14:41:27 UTC] Employee login successful: harry@communikmarketing.com (Role: user)
[26-Jul-2025 14:41:57 UTC] Employee login successful: kalaikamal@communikmarketing.com (Role: user)
[26-Jul-2025 14:42:20 UTC] Employee login successful: mehul.bajaj@communikmarketing.com (Role: user)
[26-Jul-2025 14:42:48 UTC] Employee login successful: suheb@communikmarketing.com (Role: user)
[26-Jul-2025 14:43:23 UTC] Employee login successful: fida@communikmarketing.com (Role: user)
[26-Jul-2025 14:43:58 UTC] Employee login successful: danush@communikmarketing.com (Role: user)
[26-Jul-2025 14:44:21 UTC] Employee login successful: sithik@communikmarketing.com (Role: user)
[26-Jul-2025 14:44:45 UTC] Employee login successful: suhail@communikmarketing.com (Role: user)
[26-Jul-2025 14:45:10 UTC] Employee login successful: parfool@communikmarketing.com (Role: user)
[26-Jul-2025 14:45:59 UTC] Employee login successful: dipendra@communikmarketing.com (Role: user)
[26-Jul-2025 14:46:30 UTC] Employee login successful: dilan@communikmarketing.com (Role: user)
[26-Jul-2025 14:47:19 UTC] Employee login successful: Vikram@communikmarketing.com (Role: user)
[26-Jul-2025 14:48:05 UTC] Employee login successful: haroon@communikmarketing.com (Role: user)
[26-Jul-2025 14:48:50 UTC] Password verification failed for employee: saket.gambhir14@gmail.com
[26-Jul-2025 14:49:10 UTC] Employee login successful: saket@communikmarketing.com (Role: user)
[26-Jul-2025 14:51:13 UTC] Employee login successful: ayan@communikmarketing.com (Role: user)
[26-Jul-2025 14:51:36 UTC] No user found with email: omyima.saad@gmail.com
[26-Jul-2025 14:52:14 UTC] No user found with email: omyima.saad@gmail.com
[26-Jul-2025 14:53:16 UTC] No user found with email: omyima.saad@gmail.com
[26-Jul-2025 15:08:16 UTC] Admin login successful: communikadmin@communikmarketing.com (Type: admin)
[26-Jul-2025 15:09:11 UTC] No user found with email: zahra.w@communikmarketing.com
[26-Jul-2025 15:11:07 UTC] Admin login successful: communikadmin@communikmarketing.com (Type: admin)
[26-Jul-2025 15:14:27 UTC] Employee login successful: zahra.w@communikmarketing.com (Role: user)
[26-Jul-2025 15:14:35 UTC] Employee login successful: zahra.w@communikmarketing.com (Role: user)
[26-Jul-2025 15:15:05 UTC] Admin login successful: communikadmin@communikmarketing.com (Type: admin)
[26-Jul-2025 15:15:42 UTC] Employee login successful: zahra.w@communikmarketing.com (Role: user)
[26-Jul-2025 15:19:01 UTC] Admin login successful: communikadmin@communikmarketing.com (Type: admin)
[26-Jul-2025 15:20:24 UTC] Employee login successful: zahra.w@communikmarketing.com (Role: user)
[26-Jul-2025 15:21:07 UTC] Admin login successful: communikadmin@communikmarketing.com (Type: admin)
[26-Jul-2025 15:31:42 UTC] Employee login successful: zahra.w@communikmarketing.com (Role: user)
[26-Jul-2025 15:42:24 UTC] Employee login successful: arslan@communikmarketing.com (Role: user)
[26-Jul-2025 15:42:52 UTC] Admin login successful: communikadmin@communikmarketing.com (Type: admin)
[26-Jul-2025 16:23:30 UTC] Employee login successful: arslan@communikmarketing.com (Role: user)
[26-Jul-2025 16:23:57 UTC] Admin login successful: communikadmin@communikmarketing.com (Type: admin)
[26-Jul-2025 16:25:31 UTC] Employee login successful: arslan@communikmarketing.com (Role: user)
[26-Jul-2025 16:25:32 UTC] Session validation failed: []
[26-Jul-2025 16:29:48 UTC] Employee login successful: sameer@communikmarketing.com (Role: user)
[26-Jul-2025 17:26:03 UTC] Session validation failed: []
[26-Jul-2025 17:27:04 UTC] Session validation failed: []
[26-Jul-2025 17:28:04 UTC] Session validation failed: []
[26-Jul-2025 17:29:05 UTC] Session validation failed: []
[28-Jul-2025 05:02:16 UTC] Admin login successful: communikadmin@communikmarketing.com (Type: admin)
[28-Jul-2025 05:22:30 UTC] Admin login successful: communikadmin@communikmarketing.com (Type: admin)
[28-Jul-2025 05:54:52 UTC] Session validation failed: []
[28-Jul-2025 05:55:08 UTC] Employee login successful: hr@communikmarketing.com (Role: hr)
[28-Jul-2025 05:56:37 UTC] Employee login successful: usman.t@communikmarketing.com (Role: user)
[28-Jul-2025 06:05:19 UTC] Employee login successful: rehmat@communikmarketing.com (Role: user)
[28-Jul-2025 06:06:02 UTC] Session validation failed: []
[28-Jul-2025 06:06:06 UTC] Admin login successful: communikadmin@communikmarketing.com (Type: admin)
[28-Jul-2025 06:07:49 UTC] Employee login successful: hr@communikmarketing.com (Role: hr)
[28-Jul-2025 06:10:10 UTC] Employee login successful: hr@communikmarketing.com (Role: hr)
[28-Jul-2025 06:12:14 UTC] Password verification failed for employee: bashid@communikmarketing.com
[28-Jul-2025 06:12:44 UTC] Password verification failed for employee: bashid@communikmarketing.com
[28-Jul-2025 06:13:31 UTC] Employee login successful: bashid@communikmarketing.com (Role: hod)
[28-Jul-2025 06:13:50 UTC] Employee login successful: bashid@communikmarketing.com (Role: hod)
[28-Jul-2025 06:14:40 UTC] Employee login successful: bashid@communikmarketing.com (Role: hod)
[28-Jul-2025 06:15:40 UTC] Session validation failed: {"admin_id":4,"email":"bashid@communikmarketing.com","role":"HOD","admin_type":"admin","last_activity":1753683280,"eid":"CME0001","department":4,"department_name":"Operations Department","user_name":"md","is_trainee":0}
[28-Jul-2025 06:21:30 UTC] Employee login successful: bashid@communikmarketing.com (Role: hod)
[28-Jul-2025 06:22:06 UTC] Admin login successful: communikadmin@communikmarketing.com (Type: admin)
[28-Jul-2025 06:23:01 UTC] Employee login successful: bashid@communikmarketing.com (Role: admin)
[28-Jul-2025 06:25:49 UTC] Employee login successful: bashid@communikmarketing.com (Role: admin)
[28-Jul-2025 06:26:27 UTC] Session validation failed: []
[28-Jul-2025 06:26:52 UTC] Employee login successful: hr@communikmarketing.com (Role: hr)
[28-Jul-2025 06:52:48 UTC] Employee login successful: hr@communikmarketing.com (Role: hr)
[28-Jul-2025 08:15:52 UTC] Admin login successful: communikadmin@communikmarketing.com (Type: admin)
[28-Jul-2025 08:16:54 UTC] Employee login successful: hr@communikmarketing.com (Role: hr)
[28-Jul-2025 10:08:42 UTC] Employee login successful: hr@communikmarketing.com (Role: hr)
[28-Jul-2025 10:29:01 UTC] Admin login successful: communikadmin@communikmarketing.com (Type: admin)
[28-Jul-2025 10:33:11 UTC] Employee login successful: bashid@communikmarketing.com (Role: admin)
[28-Jul-2025 10:34:12 UTC] Employee login successful: bashid@communikmarketing.com (Role: hod)
[28-Jul-2025 10:34:17 UTC] Employee login successful: bashid@communikmarketing.com (Role: hod)
[28-Jul-2025 11:20:14 UTC] Session validation failed: []
[28-Jul-2025 11:20:16 UTC] Admin login successful: communikadmin@communikmarketing.com (Type: admin)
[28-Jul-2025 11:20:42 UTC] Session validation failed: []
[28-Jul-2025 11:21:00 UTC] Employee login successful: bashid@communikmarketing.com (Role: hod)
[28-Jul-2025 11:21:21 UTC] Employee login successful: bashid@communikmarketing.com (Role: hod)
[28-Jul-2025 11:35:54 UTC] Employee login successful: hr@communikmarketing.com (Role: hr)
[28-Jul-2025 12:01:48 UTC] Session validation failed: []
[28-Jul-2025 12:01:52 UTC] Admin login successful: communikadmin@communikmarketing.com (Type: admin)
[28-Jul-2025 12:17:51 UTC] Employee login successful: arslan@communikmarketing.com (Role: user)
[28-Jul-2025 12:19:05 UTC] Admin login successful: communikadmin@communikmarketing.com (Type: admin)
[28-Jul-2025 12:20:20 UTC] Employee login successful: arslan@communikmarketing.com (Role: user)
[28-Jul-2025 12:21:48 UTC] Employee login successful: bashid@communikmarketing.com (Role: hod)
[28-Jul-2025 12:22:48 UTC] Admin login successful: communikadmin@communikmarketing.com (Type: admin)
[28-Jul-2025 12:24:00 UTC] Employee login successful: bashid@communikmarketing.com (Role: super_admin)
[28-Jul-2025 12:25:52 UTC] Employee login successful: hr@communikmarketing.com (Role: hr)
[28-Jul-2025 12:27:16 UTC] Employee login successful: arslan@communikmarketing.com (Role: user)
[28-Jul-2025 12:46:20 UTC] Admin login successful: communikadmin@communikmarketing.com (Type: admin)
[28-Jul-2025 12:47:48 UTC] Employee login successful: hr@communikmarketing.com (Role: hr)
[28-Jul-2025 12:49:21 UTC] Employee login successful: usman.t@communikmarketing.com (Role: user)
[28-Jul-2025 14:28:46 UTC] Employee login successful: usman.t@communikmarketing.com (Role: user)
[28-Jul-2025 14:28:56 UTC] Employee login successful: bashid@communikmarketing.com (Role: admin)
[28-Jul-2025 14:49:49 UTC] Employee login successful: bashid@communikmarketing.com (Role: admin)
[28-Jul-2025 14:49:54 UTC] Employee login successful: hr@communikmarketing.com (Role: hr)
[28-Jul-2025 14:50:09 UTC] Admin login successful: communikadmin@communikmarketing.com (Type: admin)
[29-Jul-2025 06:47:41 UTC] Admin login successful: communikadmin@communikmarketing.com (Type: admin)
[29-Jul-2025 06:51:39 UTC] Session validation failed: []
[29-Jul-2025 06:51:46 UTC] Employee login successful: hr@communikmarketing.com (Role: hr)
[29-Jul-2025 06:56:46 UTC] Employee login successful: bashid@communikmarketing.com (Role: admin)
[29-Jul-2025 07:14:43 UTC] Admin login successful: communikadmin@communikmarketing.com (Type: admin)
[29-Jul-2025 11:52:13 UTC] Session validation failed: []
[29-Jul-2025 11:52:16 UTC] Admin login successful: communikadmin@communikmarketing.com (Type: admin)
[29-Jul-2025 14:43:40 UTC] Session validation failed: []
[29-Jul-2025 16:27:04 UTC] Admin login successful: communikadmin@communikmarketing.com (Type: admin)
[29-Jul-2025 18:56:52 UTC] Session validation failed: []
[29-Jul-2025 18:59:54 UTC] PHP Warning:  require(PHPMailer\PHPMailer.php): Failed to open stream: No such file or directory in /home/rltnewmd/communik.san-solutions.in/forgot_password.php on line 8
[29-Jul-2025 18:59:54 UTC] PHP Fatal error:  Uncaught Error: Failed opening required 'PHPMailer\PHPMailer.php' (include_path='.:/opt/alt/php82/usr/share/pear:/opt/alt/php82/usr/share/php:/usr/share/pear:/usr/share/php') in /home/rltnewmd/communik.san-solutions.in/forgot_password.php:8
Stack trace:
#0 {main}
  thrown in /home/rltnewmd/communik.san-solutions.in/forgot_password.php on line 8
[30-Jul-2025 04:02:47 UTC] Admin login successful: communikadmin@communikmarketing.com (Type: admin)
[30-Jul-2025 04:02:57 UTC] Employee login successful: bashid@communikmarketing.com (Role: admin)
[30-Jul-2025 04:53:48 UTC] Employee login successful: bashid@communikmarketing.com (Role: admin)
[30-Jul-2025 04:54:54 UTC] Employee login successful: bashid@communikmarketing.com (Role: hod)
[30-Jul-2025 06:11:04 UTC] Employee login successful: bashid@communikmarketing.com (Role: hod)
[30-Jul-2025 09:53:03 UTC] Employee login successful: bashid@communikmarketing.com (Role: hod)
[30-Jul-2025 09:56:46 UTC] Employee login successful: hr@communikmarketing.com (Role: hr)
[30-Jul-2025 09:58:33 UTC] Admin login successful: communikadmin@communikmarketing.com (Type: admin)
[30-Jul-2025 09:59:14 UTC] PHP Warning:  Undefined array key "login_user" in /home/rltnewmd/communik.san-solutions.in/admin_panel/generate_leave_slip.php on line 13
[30-Jul-2025 10:06:37 UTC] PHP Warning:  Undefined array key "action_date" in /home/rltnewmd/communik.san-solutions.in/admin_panel/generate_leave_slip.php on line 216
[30-Jul-2025 10:06:37 UTC] PHP Warning:  Undefined array key "admin_status" in /home/rltnewmd/communik.san-solutions.in/admin_panel/generate_leave_slip.php on line 227
[30-Jul-2025 10:06:37 UTC] PHP Deprecated:  strtolower(): Passing null to parameter #1 ($string) of type string is deprecated in /home/rltnewmd/communik.san-solutions.in/admin_panel/generate_leave_slip.php on line 227
[30-Jul-2025 10:06:37 UTC] PHP Warning:  Undefined array key "admin_status" in /home/rltnewmd/communik.san-solutions.in/admin_panel/generate_leave_slip.php on line 227
[30-Jul-2025 10:06:37 UTC] PHP Deprecated:  ucfirst(): Passing null to parameter #1 ($string) of type string is deprecated in /home/rltnewmd/communik.san-solutions.in/admin_panel/generate_leave_slip.php on line 227
[30-Jul-2025 10:06:37 UTC] PHP Warning:  Undefined array key "admin_action_date" in /home/rltnewmd/communik.san-solutions.in/admin_panel/generate_leave_slip.php on line 228
[30-Jul-2025 10:06:40 UTC] PHP Warning:  Undefined array key "action_date" in /home/rltnewmd/communik.san-solutions.in/admin_panel/generate_leave_slip.php on line 216
[30-Jul-2025 10:06:40 UTC] PHP Warning:  Undefined array key "admin_status" in /home/rltnewmd/communik.san-solutions.in/admin_panel/generate_leave_slip.php on line 227
[30-Jul-2025 10:06:40 UTC] PHP Deprecated:  strtolower(): Passing null to parameter #1 ($string) of type string is deprecated in /home/rltnewmd/communik.san-solutions.in/admin_panel/generate_leave_slip.php on line 227
[30-Jul-2025 10:06:40 UTC] PHP Warning:  Undefined array key "admin_status" in /home/rltnewmd/communik.san-solutions.in/admin_panel/generate_leave_slip.php on line 227
[30-Jul-2025 10:06:40 UTC] PHP Deprecated:  ucfirst(): Passing null to parameter #1 ($string) of type string is deprecated in /home/rltnewmd/communik.san-solutions.in/admin_panel/generate_leave_slip.php on line 227
[30-Jul-2025 10:06:40 UTC] PHP Warning:  Undefined array key "admin_action_date" in /home/rltnewmd/communik.san-solutions.in/admin_panel/generate_leave_slip.php on line 228
[30-Jul-2025 10:06:41 UTC] PHP Warning:  Undefined array key "action_date" in /home/rltnewmd/communik.san-solutions.in/admin_panel/generate_leave_slip.php on line 216
[30-Jul-2025 10:06:41 UTC] PHP Warning:  Undefined array key "admin_status" in /home/rltnewmd/communik.san-solutions.in/admin_panel/generate_leave_slip.php on line 227
[30-Jul-2025 10:06:41 UTC] PHP Deprecated:  strtolower(): Passing null to parameter #1 ($string) of type string is deprecated in /home/rltnewmd/communik.san-solutions.in/admin_panel/generate_leave_slip.php on line 227
[30-Jul-2025 10:06:41 UTC] PHP Warning:  Undefined array key "admin_status" in /home/rltnewmd/communik.san-solutions.in/admin_panel/generate_leave_slip.php on line 227
[30-Jul-2025 10:06:41 UTC] PHP Deprecated:  ucfirst(): Passing null to parameter #1 ($string) of type string is deprecated in /home/rltnewmd/communik.san-solutions.in/admin_panel/generate_leave_slip.php on line 227
[30-Jul-2025 10:06:41 UTC] PHP Warning:  Undefined array key "admin_action_date" in /home/rltnewmd/communik.san-solutions.in/admin_panel/generate_leave_slip.php on line 228
[30-Jul-2025 10:24:03 UTC] Employee login successful: bashid@communikmarketing.com (Role: hod)
[30-Jul-2025 11:19:28 UTC] Session validation failed: []
[30-Jul-2025 11:39:46 UTC] Employee login successful: bashid@communikmarketing.com (Role: hod)
[30-Jul-2025 14:01:55 UTC] Employee login successful: bashid@communikmarketing.com (Role: hod)
[30-Jul-2025 15:40:54 UTC] Employee login successful: bashid@communikmarketing.com (Role: hod)
[30-Jul-2025 17:04:37 UTC] Employee login successful: bashid@communikmarketing.com (Role: hod)
[30-Jul-2025 18:26:06 UTC] Employee login successful: hr@communikmarketing.com (Role: hr)
[31-Jul-2025 01:54:07 UTC] Employee login successful: hr@communikmarketing.com (Role: hr)
[31-Jul-2025 09:29:04 UTC] Session validation failed: []
[31-Jul-2025 09:29:10 UTC] Admin login successful: communikadmin@communikmarketing.com (Type: admin)
[31-Jul-2025 17:06:59 UTC] Admin login successful: communikadmin@communikmarketing.com (Type: admin)
[01-Aug-2025 07:52:49 UTC] Admin login successful: communikadmin@communikmarketing.com (Type: admin)
[02-Aug-2025 07:06:49 UTC] Admin login successful: communikadmin@communikmarketing.com (Type: admin)
[02-Aug-2025 07:16:35 UTC] Employee login successful: hr@communikmarketing.com (Role: hr)
[02-Aug-2025 07:21:58 UTC] Employee login successful: bashid@communikmarketing.com (Role: hod)
[02-Aug-2025 07:23:13 UTC] Employee login successful: arslan@communikmarketing.com (Role: user)
[02-Aug-2025 07:24:13 UTC] Admin login successful: communikadmin@communikmarketing.com (Type: admin)
[02-Aug-2025 07:37:41 UTC] Employee login successful: arslan@communikmarketing.com (Role: hod)
[02-Aug-2025 07:48:37 UTC] Session validation failed: []
[02-Aug-2025 07:48:41 UTC] Admin login successful: communikadmin@communikmarketing.com (Type: admin)
[02-Aug-2025 10:13:03 UTC] Session validation failed: []
[02-Aug-2025 12:25:09 UTC] Employee login successful: arslan@communikmarketing.com (Role: hod)
[02-Aug-2025 13:44:45 UTC] Employee login successful: arslan@communikmarketing.com (Role: hod)
[02-Aug-2025 14:21:42 UTC] Admin login successful: communikadmin@communikmarketing.com (Type: admin)
[03-Aug-2025 06:46:06 UTC] Employee login successful: arslan@communikmarketing.com (Role: hod)
[03-Aug-2025 06:46:17 UTC] Employee login successful: support@communikmarketing.com (Role: user)
[03-Aug-2025 10:43:38 UTC] Employee login successful: support@communikmarketing.com (Role: user)
[03-Aug-2025 10:44:39 UTC] Admin login successful: communikadmin@communikmarketing.com (Type: admin)
[03-Aug-2025 10:46:47 UTC] Employee login successful: support@communikmarketing.com (Role: user)
[03-Aug-2025 10:46:57 UTC] Admin login successful: communikadmin@communikmarketing.com (Type: admin)
[03-Aug-2025 10:59:05 UTC] Password verification failed for employee: asma.b@communikmarketing.com
[04-Aug-2025 02:01:54 UTC] Employee login successful: hr@communikmarketing.com (Role: hr)
[04-Aug-2025 02:14:19 UTC] Password verification failed for employee: asma.b@communikmarketing.com
[04-Aug-2025 02:14:24 UTC] Admin login successful: communikadmin@communikmarketing.com (Type: admin)
[04-Aug-2025 02:14:51 UTC] Employee login successful: asma.b@communikmarketing.com (Role: user)
[04-Aug-2025 02:15:29 UTC] Employee login successful: hr@communikmarketing.com (Role: hr)
[04-Aug-2025 02:15:55 UTC] Admin login successful: communikadmin@communikmarketing.com (Type: admin)
[04-Aug-2025 15:09:34 UTC] Session validation failed: []
[04-Aug-2025 15:09:35 UTC] Session validation failed: []
[04-Aug-2025 15:09:38 UTC] Admin login successful: communikadmin@communikmarketing.com (Type: admin)
[05-Aug-2025 05:17:33 UTC] Session validation failed: []
[06-Aug-2025 13:31:45 UTC] Admin login successful: communikadmin@communikmarketing.com (Type: admin)
[07-Aug-2025 05:14:22 UTC] Session validation failed: []
[09-Aug-2025 06:32:49 UTC] Session validation failed: []
[09-Aug-2025 06:32:52 UTC] Admin login successful: communikadmin@communikmarketing.com (Type: admin)
[09-Aug-2025 07:21:03 UTC] Employee login successful: rehmat@communikmarketing.com (Role: user)
[09-Aug-2025 07:24:14 UTC] Employee login successful: rehmat@communikmarketing.com (Role: user)
[10-Aug-2025 15:37:01 UTC] Employee login successful: rehmat@communikmarketing.com (Role: user)
[10-Aug-2025 15:37:56 UTC] Employee login successful: rehmat@communikmarketing.com (Role: user)
[11-Aug-2025 06:03:54 UTC] Session validation failed: []
[11-Aug-2025 06:04:00 UTC] Employee login successful: hr@communikmarketing.com (Role: hr)
[11-Aug-2025 06:06:59 UTC] Password verification failed for employee: cv@communikmarketing.com
[11-Aug-2025 06:07:21 UTC] Password verification failed for employee: cv@communikmarketing.com
[11-Aug-2025 06:07:48 UTC] Admin login successful: communikadmin@communikmarketing.com (Type: admin)
[11-Aug-2025 06:10:33 UTC] Password verification failed for employee: cv@communikmarketing.com
[11-Aug-2025 06:11:54 UTC] Password verification failed for employee: cv@communikmarketing.com
[11-Aug-2025 06:12:12 UTC] Employee login successful: cv@communikmarketing.com (Role: user)
[11-Aug-2025 06:35:08 UTC] Employee login successful: hr@communikmarketing.com (Role: hr)
[11-Aug-2025 06:37:09 UTC] Employee login successful: hr@communikmarketing.com (Role: hr)
[11-Aug-2025 06:40:03 UTC] Employee login successful: cv@communikmarketing.com (Role: user)
[11-Aug-2025 07:36:27 UTC] Password verification failed for employee: cv@communikmarketing.com
[11-Aug-2025 07:36:54 UTC] Employee login successful: cv@communikmarketing.com (Role: user)
[11-Aug-2025 07:49:08 UTC] Employee login successful: cv@communikmarketing.com (Role: user)
[11-Aug-2025 07:57:44 UTC] Employee login successful: hr@communikmarketing.com (Role: hr)
[11-Aug-2025 07:58:41 UTC] Employee login successful: cv@communikmarketing.com (Role: user)
[11-Aug-2025 09:26:56 UTC] Session validation failed: []
[11-Aug-2025 12:47:24 UTC] Session validation failed: []
[11-Aug-2025 12:47:27 UTC] Employee login successful: hr@communikmarketing.com (Role: hr)
[11-Aug-2025 13:15:40 UTC] Session validation failed: {"eid":"CME0005","email":"hr@communikmarketing.com","role":"HR","department_id":1,"department_name":"HR Department","last_activity":1754916917,"user_name":"hr","username":"hr","is_trainee":0}
[11-Aug-2025 15:52:00 UTC] Employee login successful: hr@communikmarketing.com (Role: hr)
[11-Aug-2025 16:33:27 UTC] Employee login successful: cv@communikmarketing.com (Role: user)
[11-Aug-2025 16:34:13 UTC] Employee login successful: hr@communikmarketing.com (Role: hr)
[11-Aug-2025 16:44:23 UTC] Admin login successful: communikadmin@communikmarketing.com (Type: admin)
[11-Aug-2025 16:50:36 UTC] Employee login successful: hr@communikmarketing.com (Role: hr)
[11-Aug-2025 16:51:17 UTC] Employee login successful: cv@communikmarketing.com (Role: user)
[11-Aug-2025 16:51:44 UTC] Employee login successful: hr@communikmarketing.com (Role: hr)
[11-Aug-2025 16:57:56 UTC] Employee login successful: cv@communikmarketing.com (Role: user)
[11-Aug-2025 16:59:13 UTC] Employee login successful: hr@communikmarketing.com (Role: hr)
[11-Aug-2025 17:22:16 UTC] Employee login successful: bashid@communikmarketing.com (Role: hod)
[11-Aug-2025 18:05:42 UTC] Employee login successful: cv@communikmarketing.com (Role: user)
[12-Aug-2025 07:04:09 UTC] Session validation failed: []
[12-Aug-2025 07:04:14 UTC] Employee login successful: hr@communikmarketing.com (Role: hr)
[12-Aug-2025 07:08:03 UTC] Session validation failed: {"eid":"CME0005","email":"hr@communikmarketing.com","role":"HR","department_id":1,"department_name":"HR Department","last_activity":1754982366,"user_name":"hr","username":"hr","is_trainee":0}
[12-Aug-2025 07:08:08 UTC] Admin login successful: communikadmin@communikmarketing.com (Type: admin)
[12-Aug-2025 07:23:59 UTC] Employee login successful: ali.abbas@communikmarketing.com (Role: user)
[12-Aug-2025 07:26:00 UTC] Employee login successful: cv@communikmarketing.com (Role: user)
[12-Aug-2025 07:30:58 UTC] Employee login successful: hr@communikmarketing.com (Role: hr)
[12-Aug-2025 07:36:20 UTC] Admin login successful: communikadmin@communikmarketing.com (Type: admin)
[12-Aug-2025 11:11:52 UTC] Session validation failed: []
[12-Aug-2025 11:11:56 UTC] Admin login successful: communikadmin@communikmarketing.com (Type: admin)
[12-Aug-2025 11:26:48 UTC] Employee login successful: arslan@communikmarketing.com (Role: hod)
[12-Aug-2025 11:39:46 UTC] Employee login successful: moazzam@communikmarketing.com (Role: user)
[12-Aug-2025 11:39:53 UTC] Employee login successful: rida@communikmarketing.com (Role: user)
[12-Aug-2025 11:40:00 UTC] Employee login successful: nanda@communikmarketing.com (Role: user)
[12-Aug-2025 11:48:15 UTC] Employee login successful: ezzat@communikmarketing.com (Role: user)
[12-Aug-2025 11:54:09 UTC] Employee login successful: suheb@communikmarketing.com (Role: user)
[12-Aug-2025 11:54:19 UTC] Password verification failed for employee: kalaikamal@communikmarketing.com
[12-Aug-2025 11:55:51 UTC] No user found with email: sithik2912@gmail.com
[12-Aug-2025 11:56:16 UTC] No user found with email: sithik2912@gmail.com
[12-Aug-2025 11:56:30 UTC] No user found with email: sithik@communikmarketing.com
[12-Aug-2025 12:03:35 UTC] Employee login successful: parfool@communikmarketing.com (Role: user)
[12-Aug-2025 12:20:31 UTC] Employee login successful: accounts@communikmarketing.com (Role: user)
[12-Aug-2025 12:21:10 UTC] Employee login successful: dipendra@communikmarketing.com (Role: user)
[12-Aug-2025 12:22:55 UTC] Employee login successful: rida@communikmarketing.com (Role: user)
[12-Aug-2025 12:29:48 UTC] Employee login successful: ftoohweezy@gmail.com (Role: user)
[12-Aug-2025 12:33:36 UTC] No user found with email: sithik2912@gmail.com
[12-Aug-2025 12:33:51 UTC] No user found with email: sithik@communikmarketing.com
[12-Aug-2025 12:35:57 UTC] Admin login successful: communikadmin@communikmarketing.com (Type: admin)
[12-Aug-2025 12:50:44 UTC] Session validation failed: []
[12-Aug-2025 12:50:55 UTC] Employee login successful: bashid@communikmarketing.com (Role: hod)
[12-Aug-2025 13:01:14 UTC] Employee login successful: moazzam@communikmarketing.com (Role: user)
[12-Aug-2025 13:01:14 UTC] Employee login successful: moazzam@communikmarketing.com (Role: user)
[12-Aug-2025 13:02:10 UTC] Employee login successful: usman.t@communikmarketing.com (Role: user)
[12-Aug-2025 13:04:34 UTC] Employee login successful: usman.t@communikmarketing.com (Role: user)
[12-Aug-2025 13:09:26 UTC] Session validation failed: {"eid":"CME0001","email":"bashid@communikmarketing.com","role":"HOD","department_id":4,"department_name":"Operations Department","last_activity":1755004155,"user_name":"md","username":"Bashid Khan","is_trainee":0}
[12-Aug-2025 13:09:58 UTC] Session validation failed: {"eid":"CME0001","email":"bashid@communikmarketing.com","role":"HOD","department_id":4,"department_name":"Operations Department","last_activity":1755004155,"user_name":"md","username":"Bashid Khan","is_trainee":0}
[12-Aug-2025 13:13:36 UTC] Employee login successful: hr@communikmarketing.com (Role: hr)
[12-Aug-2025 13:17:55 UTC] Employee login successful: saira@communikmarketing.com (Role: user)
[12-Aug-2025 13:18:55 UTC] Employee login successful: accounts@communikmarketing.com (Role: user)
[12-Aug-2025 13:19:12 UTC] Employee login successful: tusharchopade9970@gmail.com (Role: user)
[12-Aug-2025 13:19:17 UTC] Employee login successful: rehmat@communikmarketing.com (Role: user)
[12-Aug-2025 13:19:37 UTC] No user found with email: sithik2912@gmail.com
[12-Aug-2025 13:21:38 UTC] Employee login successful: harry@communikmarketing.com (Role: user)
[12-Aug-2025 13:22:53 UTC] No user found with email: ayan@communikmarketing.com
[12-Aug-2025 13:23:17 UTC] No user found with email: ayan@communikmarketing.com
[12-Aug-2025 13:37:46 UTC] Employee login successful: ftoohweezy@gmail.com (Role: user)
[12-Aug-2025 13:42:19 UTC] No user found with email: zarrar@communikmarketing.com
[12-Aug-2025 13:42:36 UTC] No user found with email: zarrar@communikmarketing.com
[12-Aug-2025 13:42:53 UTC] No user found with email: zarrar@communikmarketing.com
[12-Aug-2025 13:55:36 UTC] Employee login successful: retention@communikmarketing.com (Role: user)
[12-Aug-2025 17:08:25 UTC] Employee login successful: accounts@communikmarketing.com (Role: user)
[12-Aug-2025 17:16:36 UTC] Employee login successful: nauman@communikmarketing.com (Role: user)
[12-Aug-2025 19:39:01 UTC] Employee login successful: dipendra@communikmarketing.com (Role: user)
[13-Aug-2025 07:07:05 UTC] Employee login successful: ftoohweezy@gmail.com (Role: user)
[13-Aug-2025 07:46:40 UTC] Employee login successful: accounts@communikmarketing.com (Role: user)
[13-Aug-2025 12:39:29 UTC] Session validation failed: []
[13-Aug-2025 12:39:36 UTC] PHP Warning:  require(PHPMailer\PHPMailer.php): Failed to open stream: No such file or directory in /home/rltnewmd/communik.san-solutions.in/forgot_password.php on line 8
[13-Aug-2025 12:39:36 UTC] PHP Fatal error:  Uncaught Error: Failed opening required 'PHPMailer\PHPMailer.php' (include_path='.:/opt/alt/php82/usr/share/pear:/opt/alt/php82/usr/share/php:/usr/share/pear:/usr/share/php') in /home/rltnewmd/communik.san-solutions.in/forgot_password.php:8
Stack trace:
#0 {main}
  thrown in /home/rltnewmd/communik.san-solutions.in/forgot_password.php on line 8
[13-Aug-2025 12:39:41 UTC] Admin login successful: communikadmin@communikmarketing.com (Type: admin)
[13-Aug-2025 13:49:07 UTC] Session validation failed: []
[14-Aug-2025 08:00:47 UTC] Session validation failed: []
[14-Aug-2025 08:00:50 UTC] Admin login successful: communikadmin@communikmarketing.com (Type: admin)
[14-Aug-2025 13:14:15 UTC] Employee login successful: accounts@communikmarketing.com (Role: user)
[14-Aug-2025 13:29:10 UTC] Session validation failed: []
[14-Aug-2025 16:17:33 UTC] Employee login successful: dipendra@communikmarketing.com (Role: user)
[15-Aug-2025 08:50:55 UTC] Employee login successful: dipendra@communikmarketing.com (Role: user)
[15-Aug-2025 12:14:37 UTC] No user found with email: sithik2912@gmail.com
[15-Aug-2025 15:49:13 UTC] Employee login successful: dipendra@communikmarketing.com (Role: user)
[15-Aug-2025 18:47:19 UTC] Employee login successful: dipendra@communikmarketing.com (Role: user)
[16-Aug-2025 04:50:14 UTC] Employee login successful: dipendra@communikmarketing.com (Role: user)
[16-Aug-2025 04:50:49 UTC] Employee login successful: dipendra@communikmarketing.com (Role: user)
[16-Aug-2025 09:05:35 UTC] Employee login successful: arslan@communikmarketing.com (Role: hod)
[16-Aug-2025 09:09:01 UTC] Employee login successful: ali.abbas@communikmarketing.com (Role: user)
[16-Aug-2025 09:22:43 UTC] Employee login successful: arslan@communikmarketing.com (Role: hod)
[16-Aug-2025 09:23:04 UTC] Employee login successful: ali.abbas@communikmarketing.com (Role: user)
[16-Aug-2025 09:25:00 UTC] PHP Fatal error:  Uncaught mysqli_sql_exception: Unknown column 'department' in 'SELECT' in /home/rltnewmd/communik.san-solutions.in/hod_panel/appraisal/view_appraisals.php:137
Stack trace:
#0 /home/rltnewmd/communik.san-solutions.in/hod_panel/appraisal/view_appraisals.php(137): mysqli->query()
#1 {main}
  thrown in /home/rltnewmd/communik.san-solutions.in/hod_panel/appraisal/view_appraisals.php on line 137
[16-Aug-2025 09:25:05 UTC] PHP Fatal error:  Uncaught mysqli_sql_exception: Unknown column 'department' in 'SELECT' in /home/rltnewmd/communik.san-solutions.in/hod_panel/appraisal/initiate_appraisal.php:132
Stack trace:
#0 /home/rltnewmd/communik.san-solutions.in/hod_panel/appraisal/initiate_appraisal.php(132): mysqli->query()
#1 {main}
  thrown in /home/rltnewmd/communik.san-solutions.in/hod_panel/appraisal/initiate_appraisal.php on line 132
[16-Aug-2025 09:25:31 UTC] PHP Fatal error:  Uncaught mysqli_sql_exception: Unknown column 'department' in 'SELECT' in /home/rltnewmd/communik.san-solutions.in/hod_panel/appraisal/initiate_appraisal.php:132
Stack trace:
#0 /home/rltnewmd/communik.san-solutions.in/hod_panel/appraisal/initiate_appraisal.php(132): mysqli->query()
#1 {main}
  thrown in /home/rltnewmd/communik.san-solutions.in/hod_panel/appraisal/initiate_appraisal.php on line 132
[16-Aug-2025 09:25:45 UTC] Employee login successful: ali.abbas@communikmarketing.com (Role: user)
[16-Aug-2025 09:51:52 UTC] Employee login successful: arslan@communikmarketing.com (Role: hod)
[16-Aug-2025 12:08:25 UTC] Employee login successful: retention@communikmarketing.com (Role: user)
[16-Aug-2025 14:06:07 UTC] Employee login successful: arslan@communikmarketing.com (Role: hod)
[17-Aug-2025 14:53:00 UTC] Employee login successful: dipendra@communikmarketing.com (Role: user)
[18-Aug-2025 06:02:16 UTC] Session validation failed: []
[18-Aug-2025 06:02:24 UTC] Admin login successful: communikadmin@communikmarketing.com (Type: admin)
[18-Aug-2025 06:06:39 UTC] Admin login successful: communikadmin@communikmarketing.com (Type: admin)
[18-Aug-2025 06:47:39 UTC] Employee login successful: dipendra@communikmarketing.com (Role: user)
[18-Aug-2025 06:52:23 UTC] Employee login successful: arslan@communikmarketing.com (Role: hod)
[18-Aug-2025 07:07:09 UTC] Employee login successful: ftoohweezy@gmail.com (Role: user)
[18-Aug-2025 07:07:10 UTC] Employee login successful: ftoohweezy@gmail.com (Role: user)
[18-Aug-2025 07:11:48 UTC] Employee login successful: arslan@communikmarketing.com (Role: hod)
[18-Aug-2025 07:13:13 UTC] Employee login successful: arslan@communikmarketing.com (Role: hod)
[18-Aug-2025 07:14:19 UTC] Employee login successful: cv@communikmarketing.com (Role: user)
[18-Aug-2025 07:16:56 UTC] Admin login successful: communikadmin@communikmarketing.com (Type: admin)
[18-Aug-2025 07:18:29 UTC] Employee login successful: cv@communikmarketing.com (Role: user)
[18-Aug-2025 07:19:31 UTC] Employee login successful: arslan@communikmarketing.com (Role: hod)
[18-Aug-2025 07:24:45 UTC] Admin login successful: communikadmin@communikmarketing.com (Type: admin)
[18-Aug-2025 07:28:57 UTC] Session validation failed: []
[18-Aug-2025 07:40:26 UTC] Employee login successful: tusharchopade9970@gmail.com (Role: user)
[18-Aug-2025 09:43:25 UTC] Employee login successful: amina@communikmarketing.com (Role: user)
[18-Aug-2025 09:46:30 UTC] Session validation failed: []
[18-Aug-2025 09:46:33 UTC] Admin login successful: communikadmin@communikmarketing.com (Type: admin)
[18-Aug-2025 09:55:08 UTC] Employee login successful: accounts@communikmarketing.com (Role: user)
[18-Aug-2025 09:55:33 UTC] Employee login successful: amina@communikmarketing.com (Role: user)
[18-Aug-2025 09:55:37 UTC] Session validation failed: []
[18-Aug-2025 09:56:00 UTC] Admin login successful: communikadmin@communikmarketing.com (Type: admin)
[18-Aug-2025 10:03:33 UTC] Employee login successful: amina@communikmarketing.com (Role: user)
[18-Aug-2025 10:32:01 UTC] Employee login successful: ftoohweezy@gmail.com (Role: user)
[18-Aug-2025 10:37:28 UTC] Employee login successful: ftoohweezy@gmail.com (Role: user)
[18-Aug-2025 10:45:32 UTC] Employee login successful: ftoohweezy@gmail.com (Role: user)
[18-Aug-2025 10:46:34 UTC] Employee login successful: tusharchopade9970@gmail.com (Role: user)
[18-Aug-2025 10:50:24 UTC] Session validation failed: []
[18-Aug-2025 10:51:12 UTC] Admin login successful: communikadmin@communikmarketing.com (Type: admin)
[18-Aug-2025 11:19:25 UTC] Employee login successful: amina@communikmarketing.com (Role: user)
[18-Aug-2025 11:40:47 UTC] Session validation failed: []
[18-Aug-2025 11:41:21 UTC] Admin login successful: communikadmin@communikmarketing.com (Type: admin)
[18-Aug-2025 11:42:47 UTC] Session validation failed: []
[18-Aug-2025 11:42:50 UTC] Admin login successful: communikadmin@communikmarketing.com (Type: admin)
[18-Aug-2025 11:57:57 UTC] Employee login successful: saira@communikmarketing.com (Role: user)
[18-Aug-2025 11:58:42 UTC] Admin login successful: communikadmin@communikmarketing.com (Type: admin)
[18-Aug-2025 11:58:56 UTC] Employee login successful: suheb@communikmarketing.com (Role: user)
[18-Aug-2025 12:02:47 UTC] Employee login successful: saira@communikmarketing.com (Role: user)
[18-Aug-2025 12:19:35 UTC] No user found with email: sithik2912@gmail.com
[18-Aug-2025 12:19:42 UTC] Employee login successful: saira@communikmarketing.com (Role: user)
[18-Aug-2025 12:21:36 UTC] No user found with email: suhail@communikmarketing.com
[18-Aug-2025 12:21:56 UTC] No user found with email: suhail@communikmarketing.com
[18-Aug-2025 13:16:41 UTC] Session validation failed: []
[18-Aug-2025 13:16:44 UTC] Admin login successful: communikadmin@communikmarketing.com (Type: admin)
[18-Aug-2025 13:17:35 UTC] Employee login successful: rida@communikmarketing.com (Role: user)
[18-Aug-2025 13:18:23 UTC] Session validation failed: []
[18-Aug-2025 13:18:52 UTC] Admin login successful: communikadmin@communikmarketing.com (Type: admin)
[18-Aug-2025 14:00:06 UTC] Employee login successful: moazzam@communikmarketing.com (Role: user)
[18-Aug-2025 14:21:38 UTC] Employee login successful: nanda@communikmarketing.com (Role: user)
[18-Aug-2025 14:24:16 UTC] Employee login successful: nanda@communikmarketing.com (Role: user)
[18-Aug-2025 14:26:41 UTC] No user found with email: sithik2912@gmail.com
[18-Aug-2025 14:27:24 UTC] No user found with email: sithik2912@gmail.com
[18-Aug-2025 14:52:08 UTC] Employee login successful: nanda@communikmarketing.com (Role: user)
[18-Aug-2025 15:11:31 UTC] Employee login successful: amina@communikmarketing.com (Role: user)
[18-Aug-2025 15:11:31 UTC] Employee login successful: amina@communikmarketing.com (Role: user)
[18-Aug-2025 15:31:33 UTC] Session validation failed: []
[18-Aug-2025 15:31:36 UTC] Admin login successful: communikadmin@communikmarketing.com (Type: admin)
[19-Aug-2025 07:54:41 UTC] Session validation failed: []
[19-Aug-2025 07:54:44 UTC] Admin login successful: communikadmin@communikmarketing.com (Type: admin)
[19-Aug-2025 08:58:54 UTC] Employee login successful: accounts@communikmarketing.com (Role: user)
[19-Aug-2025 09:39:41 UTC] Session validation failed: []
[19-Aug-2025 09:39:43 UTC] Admin login successful: communikadmin@communikmarketing.com (Type: admin)
[19-Aug-2025 09:40:06 UTC] Employee login successful: hr@communikmarketing.com (Role: hr)
[19-Aug-2025 09:57:44 UTC] Employee login successful: harry@communikmarketing.com (Role: user)
[19-Aug-2025 10:01:10 UTC] Employee login successful: harry@communikmarketing.com (Role: user)
[19-Aug-2025 10:02:11 UTC] Admin login successful: communikadmin@communikmarketing.com (Type: admin)
[19-Aug-2025 10:06:03 UTC] Password verification failed for employee: retention@communikmarketing.com
[19-Aug-2025 10:06:23 UTC] Employee login successful: retention@communikmarketing.com (Role: user)
[19-Aug-2025 14:09:30 UTC] Session validation failed: []
[19-Aug-2025 14:33:09 UTC] Admin login successful: communikadmin@communikmarketing.com (Type: admin)
[20-Aug-2025 06:47:56 UTC] Employee login successful: rehmat@communikmarketing.com (Role: user)
[20-Aug-2025 07:56:25 UTC] Employee login successful: harry@communikmarketing.com (Role: user)
[20-Aug-2025 08:11:48 UTC] Session validation failed: []
[21-Aug-2025 05:07:04 UTC] Employee login successful: retention@communikmarketing.com (Role: user)
[22-Aug-2025 07:41:04 UTC] Admin login successful: communikadmin@communikmarketing.com (Type: admin)
[22-Aug-2025 07:48:38 UTC] Session validation failed: []
[22-Aug-2025 07:49:20 UTC] Admin login successful: communikadmin@communikmarketing.com (Type: admin)
[22-Aug-2025 07:58:10 UTC] Session validation failed: []
[22-Aug-2025 07:58:14 UTC] Admin login successful: communikadmin@communikmarketing.com (Type: admin)
[22-Aug-2025 08:35:50 UTC] Employee login successful: hr@communikmarketing.com (Role: hr)
[22-Aug-2025 08:43:49 UTC] Employee login successful: rehmat@communikmarketing.com (Role: user)
[22-Aug-2025 08:45:04 UTC] Employee login successful: rehmat@communikmarketing.com (Role: user)
[22-Aug-2025 08:45:18 UTC] Employee login successful: rehmat@communikmarketing.com (Role: user)
[22-Aug-2025 08:47:53 UTC] Password verification failed for employee: sameer@communikmarketing.com
[22-Aug-2025 08:48:24 UTC] Employee login successful: sameer@communikmarketing.com (Role: user)
[22-Aug-2025 08:50:15 UTC] Admin login successful: communikadmin@communikmarketing.com (Type: admin)
[22-Aug-2025 08:54:12 UTC] Employee login successful: accounts@communikmarketing.com (Role: user)
[22-Aug-2025 10:26:21 UTC] Session validation failed: []
[22-Aug-2025 10:40:23 UTC] Employee login successful: rehmat@communikmarketing.com (Role: user)
[22-Aug-2025 10:46:15 UTC] Admin login successful: communikadmin@communikmarketing.com (Type: admin)
[22-Aug-2025 11:58:17 UTC] Employee login successful: sameer@communikmarketing.com (Role: user)
[22-Aug-2025 12:02:50 UTC] Employee login successful: arslan@communikmarketing.com (Role: hod)
[22-Aug-2025 12:07:00 UTC] Admin login successful: communikadmin@communikmarketing.com (Type: admin)
[22-Aug-2025 12:17:06 UTC] Employee login successful: rehmat@communikmarketing.com (Role: user)
[22-Aug-2025 12:17:50 UTC] Session validation failed: []
[22-Aug-2025 12:23:26 UTC] Employee login successful: cv@communikmarketing.com (Role: user)
[22-Aug-2025 16:11:49 UTC] Admin login successful: communikadmin@communikmarketing.com (Type: admin)
[22-Aug-2025 16:12:00 UTC] PHP Warning:  Undefined array key "admin_status" in /home/rltnewmd/communik.san-solutions.in/admin_panel/get_leave_details.php on line 58
[22-Aug-2025 16:12:00 UTC] PHP Warning:  Undefined array key "admin_remarks" in /home/rltnewmd/communik.san-solutions.in/admin_panel/get_leave_details.php on line 59
[22-Aug-2025 16:12:00 UTC] PHP Warning:  Undefined array key "admin_by" in /home/rltnewmd/communik.san-solutions.in/admin_panel/get_leave_details.php on line 60
[22-Aug-2025 16:12:00 UTC] PHP Warning:  Undefined array key "admin_action_date" in /home/rltnewmd/communik.san-solutions.in/admin_panel/get_leave_details.php on line 61
[22-Aug-2025 16:20:02 UTC] Employee login successful: sameer@communikmarketing.com (Role: user)
[22-Aug-2025 16:39:09 UTC] Employee login successful: hr@communikmarketing.com (Role: hr)
[22-Aug-2025 16:39:26 UTC] Admin login successful: communikadmin@communikmarketing.com (Type: admin)
[24-Aug-2025 12:29:25 UTC] Employee login successful: rehmat@communikmarketing.com (Role: user)
[25-Aug-2025 06:16:42 UTC] Session validation failed: []
[25-Aug-2025 06:16:45 UTC] Admin login successful: communikadmin@communikmarketing.com (Type: admin)
[25-Aug-2025 07:50:05 UTC] Session validation failed: []
[25-Aug-2025 07:50:08 UTC] Admin login successful: communikadmin@communikmarketing.com (Type: admin)
[25-Aug-2025 08:25:21 UTC] Admin login successful: communikadmin@communikmarketing.com (Type: admin)
[25-Aug-2025 08:29:38 UTC] Admin login successful: communikadmin@communikmarketing.com (Type: admin)
[25-Aug-2025 10:39:45 UTC] Password verification failed for employee: shumaila@communikmarketing.com
[25-Aug-2025 10:40:20 UTC] Password verification failed for employee: shumaila@communikmarketing.com
[25-Aug-2025 10:40:55 UTC] Password verification failed for employee: shumaila@communikmarketing.com
[25-Aug-2025 12:58:57 UTC] Employee login successful: accounts@communikmarketing.com (Role: user)
[25-Aug-2025 14:10:39 UTC] Password verification failed for employee: shumaila@communikmarketing.com
[25-Aug-2025 14:11:11 UTC] Password verification failed for employee: shumaila@communikmarketing.com
[25-Aug-2025 14:11:58 UTC] PHP Warning:  require(PHPMailer\PHPMailer.php): Failed to open stream: No such file or directory in /home/rltnewmd/communik.san-solutions.in/forgot_password.php on line 8
[25-Aug-2025 14:11:58 UTC] PHP Fatal error:  Uncaught Error: Failed opening required 'PHPMailer\PHPMailer.php' (include_path='.:/opt/alt/php82/usr/share/pear:/opt/alt/php82/usr/share/php:/usr/share/pear:/usr/share/php') in /home/rltnewmd/communik.san-solutions.in/forgot_password.php:8
Stack trace:
#0 {main}
  thrown in /home/rltnewmd/communik.san-solutions.in/forgot_password.php on line 8
[25-Aug-2025 14:12:03 UTC] PHP Warning:  require(PHPMailer\PHPMailer.php): Failed to open stream: No such file or directory in /home/rltnewmd/communik.san-solutions.in/forgot_password.php on line 8
[25-Aug-2025 14:12:03 UTC] PHP Fatal error:  Uncaught Error: Failed opening required 'PHPMailer\PHPMailer.php' (include_path='.:/opt/alt/php82/usr/share/pear:/opt/alt/php82/usr/share/php:/usr/share/pear:/usr/share/php') in /home/rltnewmd/communik.san-solutions.in/forgot_password.php:8
Stack trace:
#0 {main}
  thrown in /home/rltnewmd/communik.san-solutions.in/forgot_password.php on line 8
[25-Aug-2025 14:12:04 UTC] PHP Warning:  require(PHPMailer\PHPMailer.php): Failed to open stream: No such file or directory in /home/rltnewmd/communik.san-solutions.in/forgot_password.php on line 8
[25-Aug-2025 14:12:04 UTC] PHP Fatal error:  Uncaught Error: Failed opening required 'PHPMailer\PHPMailer.php' (include_path='.:/opt/alt/php82/usr/share/pear:/opt/alt/php82/usr/share/php:/usr/share/pear:/usr/share/php') in /home/rltnewmd/communik.san-solutions.in/forgot_password.php:8
Stack trace:
#0 {main}
  thrown in /home/rltnewmd/communik.san-solutions.in/forgot_password.php on line 8
[25-Aug-2025 14:12:06 UTC] PHP Warning:  require(PHPMailer\PHPMailer.php): Failed to open stream: No such file or directory in /home/rltnewmd/communik.san-solutions.in/forgot_password.php on line 8
[25-Aug-2025 14:12:06 UTC] PHP Fatal error:  Uncaught Error: Failed opening required 'PHPMailer\PHPMailer.php' (include_path='.:/opt/alt/php82/usr/share/pear:/opt/alt/php82/usr/share/php:/usr/share/pear:/usr/share/php') in /home/rltnewmd/communik.san-solutions.in/forgot_password.php:8
Stack trace:
#0 {main}
  thrown in /home/rltnewmd/communik.san-solutions.in/forgot_password.php on line 8
[26-Aug-2025 05:38:58 UTC] Session validation failed: []
[26-Aug-2025 05:39:33 UTC] Admin login successful: communikadmin@communikmarketing.com (Type: admin)
[26-Aug-2025 05:41:45 UTC] Employee login successful: rehmat@communikmarketing.com (Role: user)
[26-Aug-2025 06:45:16 UTC] Session validation failed: []
[26-Aug-2025 06:45:19 UTC] Admin login successful: communikadmin@communikmarketing.com (Type: admin)
[26-Aug-2025 07:35:17 UTC] Employee login successful: ali.abbas@communikmarketing.com (Role: user)
[26-Aug-2025 07:38:14 UTC] Password verification failed for employee: ariba@communikmarketing.com
[26-Aug-2025 07:38:44 UTC] Password verification failed for employee: ariba@communikmarketing.com
[26-Aug-2025 07:39:01 UTC] Password verification failed for employee: ariba@communikmarketing.com
[26-Aug-2025 07:39:05 UTC] PHP Warning:  require(PHPMailer\PHPMailer.php): Failed to open stream: No such file or directory in /home/rltnewmd/communik.san-solutions.in/forgot_password.php on line 8
[26-Aug-2025 07:39:05 UTC] PHP Fatal error:  Uncaught Error: Failed opening required 'PHPMailer\PHPMailer.php' (include_path='.:/opt/alt/php82/usr/share/pear:/opt/alt/php82/usr/share/php:/usr/share/pear:/usr/share/php') in /home/rltnewmd/communik.san-solutions.in/forgot_password.php:8
Stack trace:
#0 {main}
  thrown in /home/rltnewmd/communik.san-solutions.in/forgot_password.php on line 8
[26-Aug-2025 07:39:58 UTC] Password verification failed for employee: ariba@communikmarketing.com
[26-Aug-2025 07:41:39 UTC] Password verification failed for employee: ariba@communikmarketing.com
[26-Aug-2025 07:42:07 UTC] Employee login successful: ariba@communikmarketing.com (Role: user)
[26-Aug-2025 07:43:29 UTC] Employee login successful: ariba@communikmarketing.com (Role: user)
[26-Aug-2025 07:48:47 UTC] Employee login successful: ariba@communikmarketing.com (Role: user)
[26-Aug-2025 11:02:33 UTC] Employee login successful: moazzam@communikmarketing.com (Role: user)
[26-Aug-2025 13:18:58 UTC] Session validation failed: []
[26-Aug-2025 13:19:01 UTC] Admin login successful: communikadmin@communikmarketing.com (Type: admin)
[26-Aug-2025 14:05:24 UTC] Employee login successful: accounts@communikmarketing.com (Role: user)
[26-Aug-2025 14:06:48 UTC] Session validation failed: []
[26-Aug-2025 14:06:53 UTC] Admin login successful: communikadmin@communikmarketing.com (Type: admin)
[26-Aug-2025 14:27:20 UTC] Admin login successful: communikadmin@communikmarketing.com (Type: admin)
[26-Aug-2025 14:59:22 UTC] Session validation failed: []
[26-Aug-2025 14:59:25 UTC] Admin login successful: communikadmin@communikmarketing.com (Type: admin)
[26-Aug-2025 15:03:18 UTC] Admin login successful: communikadmin@communikmarketing.com (Type: admin)
[26-Aug-2025 15:48:30 UTC] Session validation failed: []
[26-Aug-2025 16:39:29 UTC] Session validation failed: []
[26-Aug-2025 17:43:23 UTC] Admin login successful: communikadmin@communikmarketing.com (Type: admin)
[27-Aug-2025 02:54:28 UTC] Session validation failed: []
[27-Aug-2025 07:04:57 UTC] Employee login successful: accounts@communikmarketing.com (Role: user)
[27-Aug-2025 08:14:47 UTC] Admin login successful: communikadmin@communikmarketing.com (Type: admin)
[27-Aug-2025 09:11:41 UTC] Admin login successful: communikadmin@communikmarketing.com (Type: admin)
[27-Aug-2025 09:13:48 UTC] Session validation failed: []
[27-Aug-2025 09:13:52 UTC] Admin login successful: communikadmin@communikmarketing.com (Type: admin)
[27-Aug-2025 09:29:33 UTC] Admin login successful: communikadmin@communikmarketing.com (Type: admin)
[27-Aug-2025 09:59:51 UTC] Session validation failed: []
[27-Aug-2025 09:59:54 UTC] Admin login successful: communikadmin@communikmarketing.com (Type: admin)
[27-Aug-2025 11:00:55 UTC] Session validation failed: []
[27-Aug-2025 11:00:58 UTC] Admin login successful: communikadmin@communikmarketing.com (Type: admin)
[27-Aug-2025 13:15:33 UTC] Session validation failed: []
[27-Aug-2025 13:15:36 UTC] Admin login successful: communikadmin@communikmarketing.com (Type: admin)
[27-Aug-2025 13:16:29 UTC] Employee login successful: cv@communikmarketing.com (Role: user)
[27-Aug-2025 13:27:47 UTC] Session validation failed: []
[27-Aug-2025 13:27:50 UTC] Admin login successful: communikadmin@communikmarketing.com (Type: admin)
[28-Aug-2025 06:49:53 UTC] Admin login successful: communikadmin@communikmarketing.com (Type: admin)
[28-Aug-2025 07:35:31 UTC] Admin login successful: support@communikmarketing.com (Type: admin)
[28-Aug-2025 07:41:27 UTC] Admin login successful: communikadmin@communikmarketing.com (Type: admin)
[28-Aug-2025 07:49:38 UTC] Admin login successful: support@communikmarketing.com (Type: admin)
[28-Aug-2025 08:36:23 UTC] Admin login successful: communikadmin@communikmarketing.com (Type: admin)
[28-Aug-2025 10:18:09 UTC] Session validation failed: []
[28-Aug-2025 10:18:48 UTC] Admin login successful: communikadmin@communikmarketing.com (Type: admin)
[28-Aug-2025 11:45:17 UTC] Admin login successful: support@communikmarketing.com (Type: admin)
[28-Aug-2025 13:01:30 UTC] Admin login successful: communikadmin@communikmarketing.com (Type: admin)
[28-Aug-2025 13:08:00 UTC] Admin login successful: communikadmin@communikmarketing.com (Type: admin)
[28-Aug-2025 13:10:59 UTC] Admin login successful: communikadmin@communikmarketing.com (Type: admin)
[28-Aug-2025 13:52:15 UTC] Employee login successful: retention@communikmarketing.com (Role: user)
[28-Aug-2025 13:58:32 UTC] Employee login successful: retention@communikmarketing.com (Role: user)
[28-Aug-2025 14:14:15 UTC] Admin login successful: communikadmin@communikmarketing.com (Type: admin)
[29-Aug-2025 05:10:24 UTC] Admin login successful: communikadmin@communikmarketing.com (Type: admin)
[29-Aug-2025 05:48:09 UTC] Employee login successful: rehmat@communikmarketing.com (Role: user)
[29-Aug-2025 06:58:16 UTC] Admin login successful: support@communikmarketing.com (Type: admin)
[29-Aug-2025 10:46:53 UTC] Session validation failed: []
[29-Aug-2025 10:46:56 UTC] Admin login successful: support@communikmarketing.com (Type: admin)
[29-Aug-2025 11:58:21 UTC] Admin login successful: communikadmin@communikmarketing.com (Type: admin)
[29-Aug-2025 12:28:36 UTC] Admin login successful: communikadmin@communikmarketing.com (Type: admin)
[29-Aug-2025 12:43:08 UTC] Employee login successful: suhail@communikmarketing.com (Role: user)
[29-Aug-2025 12:53:51 UTC] Employee login successful: suhail@communikmarketing.com (Role: user)
[29-Aug-2025 12:59:34 UTC] Employee login successful: suhail@communikmarketing.com (Role: user)
[29-Aug-2025 13:04:42 UTC] Session validation failed: []
[29-Aug-2025 13:05:47 UTC] Admin login successful: communikadmin@communikmarketing.com (Type: admin)
[29-Aug-2025 13:54:31 UTC] Admin login successful: communikadmin@communikmarketing.com (Type: admin)
[29-Aug-2025 15:26:32 UTC] Session validation failed: []
[30-Aug-2025 05:25:47 UTC] Admin login successful: communikadmin@communikmarketing.com (Type: admin)
[30-Aug-2025 05:28:41 UTC] Employee login successful: cv@communikmarketing.com (Role: user)
[30-Aug-2025 06:57:10 UTC] Admin login successful: communikadmin@communikmarketing.com (Type: admin)
[30-Aug-2025 06:57:49 UTC] Admin login successful: support@communikmarketing.com (Type: admin)
[30-Aug-2025 07:12:04 UTC] Session validation failed: []
[30-Aug-2025 07:12:07 UTC] Admin login successful: communikadmin@communikmarketing.com (Type: admin)
[30-Aug-2025 07:30:38 UTC] Session validation failed: []
[30-Aug-2025 07:30:40 UTC] Admin login successful: support@communikmarketing.com (Type: admin)
[30-Aug-2025 07:58:19 UTC] Session validation failed: []
[30-Aug-2025 07:58:24 UTC] Admin login successful: communikadmin@communikmarketing.com (Type: admin)
[30-Aug-2025 08:25:41 UTC] Session validation failed: []
[30-Aug-2025 09:41:21 UTC] Session validation failed: []
[30-Aug-2025 09:41:23 UTC] Admin login successful: communikadmin@communikmarketing.com (Type: admin)
[30-Aug-2025 10:34:17 UTC] Admin login successful: communikadmin@communikmarketing.com (Type: admin)
[30-Aug-2025 10:44:35 UTC] Session validation failed: []
[30-Aug-2025 10:44:35 UTC] Session validation failed: []
[30-Aug-2025 10:52:02 UTC] Session validation failed: []
[30-Aug-2025 10:52:06 UTC] Session validation failed: []
[30-Aug-2025 10:52:39 UTC] Admin login successful: communikadmin@communikmarketing.com (Type: admin)
[30-Aug-2025 11:00:59 UTC] Session validation failed: []
[30-Aug-2025 11:01:14 UTC] Admin login successful: communikadmin@communikmarketing.com (Type: admin)
[30-Aug-2025 11:10:57 UTC] Session validation failed: []
[30-Aug-2025 11:11:16 UTC] Admin login successful: communikadmin@communikmarketing.com (Type: admin)
[30-Aug-2025 11:23:51 UTC] Session validation failed: []
[30-Aug-2025 11:24:06 UTC] Admin login successful: communikadmin@communikmarketing.com (Type: admin)
[30-Aug-2025 11:33:42 UTC] Session validation failed: []
[30-Aug-2025 11:34:00 UTC] Admin login successful: communikadmin@communikmarketing.com (Type: admin)
[30-Aug-2025 12:44:15 UTC] Admin login successful: communikadmin@communikmarketing.com (Type: admin)
[30-Aug-2025 12:57:37 UTC] Session validation failed: []
[30-Aug-2025 12:57:41 UTC] Admin login successful: communikadmin@communikmarketing.com (Type: admin)
[30-Aug-2025 12:57:46 UTC] Session validation failed: []
[30-Aug-2025 14:11:39 UTC] Session validation failed: []
[30-Aug-2025 14:12:02 UTC] Admin login successful: communikadmin@communikmarketing.com (Type: admin)
[30-Aug-2025 14:41:10 UTC] Admin login successful: communikadmin@communikmarketing.com (Type: admin)
[31-Aug-2025 12:43:58 UTC] Admin login successful: communikadmin@communikmarketing.com (Type: admin)
[31-Aug-2025 12:58:08 UTC] Password verification failed for admin: communikadmin@communikmarketing.com
[31-Aug-2025 12:58:17 UTC] Password verification failed for admin: communikadmin@communikmarketing.com
[31-Aug-2025 12:58:38 UTC] Admin login successful: communikadmin@communikmarketing.com (Type: admin)
[31-Aug-2025 14:15:47 UTC] Session validation failed: []
[01-Sep-2025 06:17:26 UTC] Admin login successful: support@communikmarketing.com (Type: admin)
[01-Sep-2025 07:19:28 UTC] Session validation failed: []
[01-Sep-2025 07:19:30 UTC] Admin login successful: support@communikmarketing.com (Type: admin)
[01-Sep-2025 07:20:57 UTC] Session validation failed: []
[01-Sep-2025 07:21:07 UTC] Session validation failed: []
[01-Sep-2025 07:24:23 UTC] Session validation failed: []
[01-Sep-2025 07:24:31 UTC] Admin login successful: communikadmin@communikmarketing.com (Type: admin)
[01-Sep-2025 10:22:35 UTC] Session validation failed: []
[01-Sep-2025 10:22:37 UTC] Admin login successful: support@communikmarketing.com (Type: admin)
[01-Sep-2025 12:08:35 UTC] Session validation failed: []
[01-Sep-2025 12:08:38 UTC] Admin login successful: communikadmin@communikmarketing.com (Type: admin)
[01-Sep-2025 12:15:53 UTC] Admin login successful: communikadmin@communikmarketing.com (Type: admin)
[01-Sep-2025 12:33:34 UTC] Session validation failed: []
[01-Sep-2025 12:33:37 UTC] Admin login successful: support@communikmarketing.com (Type: admin)
[01-Sep-2025 13:16:44 UTC] Employee login successful: rehmat@communikmarketing.com (Role: user)
[02-Sep-2025 05:55:02 UTC] Admin login successful: support@communikmarketing.com (Type: admin)
[02-Sep-2025 06:48:08 UTC] Session validation failed: []
[02-Sep-2025 06:48:11 UTC] Admin login successful: communikadmin@communikmarketing.com (Type: admin)
[02-Sep-2025 08:14:13 UTC] Admin login successful: communikadmin@communikmarketing.com (Type: admin)
[02-Sep-2025 09:34:32 UTC] Admin login successful: support@communikmarketing.com (Type: admin)
[02-Sep-2025 10:27:18 UTC] Admin login successful: communikadmin@communikmarketing.com (Type: admin)
[02-Sep-2025 13:29:30 UTC] Admin login successful: support@communikmarketing.com (Type: admin)
[02-Sep-2025 18:57:07 UTC] Employee login successful: shega@communikmarketing.com (Role: user)
[03-Sep-2025 08:55:57 UTC] Admin login successful: support@communikmarketing.com (Type: admin)
[03-Sep-2025 09:59:06 UTC] Session validation failed: []
[03-Sep-2025 09:59:10 UTC] Admin login successful: support@communikmarketing.com (Type: admin)
[03-Sep-2025 10:47:26 UTC] Password verification failed for employee: saira@communikmarketing.com
[03-Sep-2025 10:47:34 UTC] Employee login successful: saira@communikmarketing.com (Role: user)
[03-Sep-2025 11:18:16 UTC] Password verification failed for employee: zahra.w@communikmarketing.com
[03-Sep-2025 11:18:33 UTC] Password verification failed for employee: zahra.w@communikmarketing.com
[03-Sep-2025 11:18:41 UTC] Session validation failed: []
[03-Sep-2025 11:18:44 UTC] Admin login successful: communikadmin@communikmarketing.com (Type: admin)
[03-Sep-2025 11:19:26 UTC] Employee login successful: zahra.w@communikmarketing.com (Role: user)
[03-Sep-2025 11:24:05 UTC] Employee login successful: accounts@communikmarketing.com (Role: user)
[03-Sep-2025 15:51:52 UTC] Session validation failed: []
[04-Sep-2025 13:32:48 UTC] Employee login successful: arslan@communikmarketing.com (Role: hod)
[05-Sep-2025 04:43:38 UTC] Admin login successful: communikadmin@communikmarketing.com (Type: admin)
[05-Sep-2025 10:32:10 UTC] Admin login successful: communikadmin@communikmarketing.com (Type: admin)
[05-Sep-2025 16:50:46 UTC] Admin login successful: communikadmin@communikmarketing.com (Type: admin)
[06-Sep-2025 09:07:41 UTC] Admin login successful: communikadmin@communikmarketing.com (Type: admin)
[06-Sep-2025 16:53:55 UTC] Admin login successful: communikadmin@communikmarketing.com (Type: admin)
[07-Sep-2025 19:00:10 UTC] Employee login successful: arslan@communikmarketing.com (Role: hod)
[08-Sep-2025 06:18:39 UTC] Admin login successful: communikadmin@communikmarketing.com (Type: admin)
[08-Sep-2025 06:34:55 UTC] Employee login successful: arslan@communikmarketing.com (Role: hod)
[08-Sep-2025 07:23:17 UTC] Admin login successful: communikadmin@communikmarketing.com (Type: admin)
[08-Sep-2025 08:20:07 UTC] Admin login successful: communikadmin@communikmarketing.com (Type: admin)
[08-Sep-2025 08:33:07 UTC] Session validation failed: []
[08-Sep-2025 08:37:12 UTC] Admin login successful: communikadmin@communikmarketing.com (Type: admin)
[08-Sep-2025 08:41:07 UTC] Admin login successful: support@communikmarketing.com (Type: admin)
[08-Sep-2025 08:41:18 UTC] Session validation failed: []
[08-Sep-2025 08:41:22 UTC] Admin login successful: communikadmin@communikmarketing.com (Type: admin)
[08-Sep-2025 08:59:20 UTC] Session validation failed: []
[08-Sep-2025 08:59:22 UTC] Admin login successful: communikadmin@communikmarketing.com (Type: admin)
[08-Sep-2025 09:07:39 UTC] Employee login successful: arslan@communikmarketing.com (Role: hod)
[08-Sep-2025 09:37:13 UTC] Session validation failed: []
[08-Sep-2025 09:37:16 UTC] Admin login successful: support@communikmarketing.com (Type: admin)
[08-Sep-2025 10:19:19 UTC] Employee login successful: arslan@communikmarketing.com (Role: hod)
[08-Sep-2025 10:42:57 UTC] Session validation failed: []
[08-Sep-2025 10:43:00 UTC] Admin login successful: communikadmin@communikmarketing.com (Type: admin)
[08-Sep-2025 10:56:14 UTC] Employee login successful: arslan@communikmarketing.com (Role: hod)
[08-Sep-2025 12:11:26 UTC] Session validation failed: []
[08-Sep-2025 12:11:29 UTC] Admin login successful: communikadmin@communikmarketing.com (Type: admin)
[08-Sep-2025 12:25:49 UTC] Session validation failed: []
[08-Sep-2025 12:25:51 UTC] Admin login successful: support@communikmarketing.com (Type: admin)
[08-Sep-2025 13:47:29 UTC] Employee login successful: arslan@communikmarketing.com (Role: hod)
[08-Sep-2025 15:15:26 UTC] Employee login successful: arslan@communikmarketing.com (Role: hod)
[09-Sep-2025 06:01:11 UTC] Session validation failed: []
[09-Sep-2025 06:01:14 UTC] Admin login successful: communikadmin@communikmarketing.com (Type: admin)
[09-Sep-2025 07:23:30 UTC] Admin login successful: support@communikmarketing.com (Type: admin)
[09-Sep-2025 07:47:19 UTC] Admin login successful: communikadmin@communikmarketing.com (Type: admin)
[09-Sep-2025 07:59:22 UTC] Session validation failed: []
[09-Sep-2025 07:59:35 UTC] Admin login successful: communikadmin@communikmarketing.com (Type: admin)
[09-Sep-2025 08:37:11 UTC] Session validation failed: []
[09-Sep-2025 08:37:19 UTC] Admin login successful: communikadmin@communikmarketing.com (Type: admin)
[09-Sep-2025 09:41:05 UTC] Session validation failed: []
[09-Sep-2025 09:49:24 UTC] Admin login successful: support@communikmarketing.com (Type: admin)
[09-Sep-2025 10:58:29 UTC] Session validation failed: []
[09-Sep-2025 10:58:31 UTC] Admin login successful: support@communikmarketing.com (Type: admin)
[09-Sep-2025 14:15:01 UTC] Admin login successful: communikadmin@communikmarketing.com (Type: admin)
[09-Sep-2025 14:20:42 UTC] Admin login successful: communikadmin@communikmarketing.com (Type: admin)
[09-Sep-2025 18:21:45 UTC] Password verification failed for employee: shumaila@communikmarketing.com
[09-Sep-2025 18:22:52 UTC] Password verification failed for employee: shumaila@communikmarketing.com
[09-Sep-2025 18:23:28 UTC] Password verification failed for employee: shumaila@communikmarketing.com
[09-Sep-2025 18:23:44 UTC] PHP Warning:  require(PHPMailer\PHPMailer.php): Failed to open stream: No such file or directory in /home/rltnewmd/communik.san-solutions.in/forgot_password.php on line 8
[09-Sep-2025 18:23:44 UTC] PHP Fatal error:  Uncaught Error: Failed opening required 'PHPMailer\PHPMailer.php' (include_path='.:/opt/alt/php82/usr/share/pear:/opt/alt/php82/usr/share/php:/usr/share/pear:/usr/share/php') in /home/rltnewmd/communik.san-solutions.in/forgot_password.php:8
Stack trace:
#0 {main}
  thrown in /home/rltnewmd/communik.san-solutions.in/forgot_password.php on line 8
[09-Sep-2025 18:23:53 UTC] PHP Warning:  require(PHPMailer\PHPMailer.php): Failed to open stream: No such file or directory in /home/rltnewmd/communik.san-solutions.in/forgot_password.php on line 8
[09-Sep-2025 18:23:53 UTC] PHP Fatal error:  Uncaught Error: Failed opening required 'PHPMailer\PHPMailer.php' (include_path='.:/opt/alt/php82/usr/share/pear:/opt/alt/php82/usr/share/php:/usr/share/pear:/usr/share/php') in /home/rltnewmd/communik.san-solutions.in/forgot_password.php:8
Stack trace:
#0 {main}
  thrown in /home/rltnewmd/communik.san-solutions.in/forgot_password.php on line 8
[09-Sep-2025 18:25:34 UTC] Employee login successful: shumaila@communikmarketing.com (Role: user)
[09-Sep-2025 19:49:36 UTC] Employee login successful: shumaila@communikmarketing.com (Role: user)
[10-Sep-2025 05:43:03 UTC] Session validation failed: []
[10-Sep-2025 05:43:06 UTC] Admin login successful: communikadmin@communikmarketing.com (Type: admin)
[10-Sep-2025 15:42:24 UTC] Session validation failed: []
[10-Sep-2025 15:44:57 UTC] PHP Warning:  require(PHPMailer\PHPMailer.php): Failed to open stream: No such file or directory in /home/rltnewmd/communik.san-solutions.in/forgot_password.php on line 8
[10-Sep-2025 15:44:57 UTC] PHP Fatal error:  Uncaught Error: Failed opening required 'PHPMailer\PHPMailer.php' (include_path='.:/opt/alt/php82/usr/share/pear:/opt/alt/php82/usr/share/php:/usr/share/pear:/usr/share/php') in /home/rltnewmd/communik.san-solutions.in/forgot_password.php:8
Stack trace:
#0 {main}
  thrown in /home/rltnewmd/communik.san-solutions.in/forgot_password.php on line 8
[11-Sep-2025 06:46:10 UTC] Admin login successful: communikadmin@communikmarketing.com (Type: admin)
[11-Sep-2025 06:53:42 UTC] Admin login successful: support@communikmarketing.com (Type: admin)
[11-Sep-2025 07:02:15 UTC] Employee login successful: accounts@communikmarketing.com (Role: user)
[11-Sep-2025 07:06:46 UTC] Session validation failed: []
[11-Sep-2025 07:06:53 UTC] Employee login successful: hr@communikmarketing.com (Role: hr)
[11-Sep-2025 07:58:20 UTC] Session validation failed: []
[11-Sep-2025 07:58:43 UTC] Admin login successful: communikadmin@communikmarketing.com (Type: admin)
[11-Sep-2025 08:43:12 UTC] Session validation failed: []
[11-Sep-2025 08:43:18 UTC] Admin login successful: support@communikmarketing.com (Type: admin)
[11-Sep-2025 13:04:47 UTC] Session validation failed: []
[11-Sep-2025 13:04:53 UTC] Employee login successful: hr@communikmarketing.com (Role: hr)
[11-Sep-2025 13:05:22 UTC] Admin login successful: communikadmin@communikmarketing.com (Type: admin)
[11-Sep-2025 13:30:34 UTC] Session validation failed: []
[11-Sep-2025 13:30:38 UTC] Admin login successful: support@communikmarketing.com (Type: admin)
[11-Sep-2025 13:54:51 UTC] Employee login successful: jashan@communikmarketing.com (Role: user)
[12-Sep-2025 16:25:51 UTC] Admin login successful: communikadmin@communikmarketing.com (Type: admin)
[12-Sep-2025 21:18:19 UTC] Session validation failed: []
[13-Sep-2025 07:23:47 UTC] Session validation failed: []
[13-Sep-2025 07:23:50 UTC] Admin login successful: communikadmin@communikmarketing.com (Type: admin)
[13-Sep-2025 11:25:10 UTC] Admin login successful: support@communikmarketing.com (Type: admin)
[13-Sep-2025 11:44:39 UTC] Password verification failed for employee: sandeep@communikmarketing.com
[13-Sep-2025 11:45:11 UTC] Employee login successful: sandeep@communikmarketing.com (Role: user)
[13-Sep-2025 12:23:55 UTC] Password verification failed for employee: sandeep@communikmarketing.com
[13-Sep-2025 12:24:42 UTC] Employee login successful: sandeep@communikmarketing.com (Role: user)
[13-Sep-2025 13:03:14 UTC] Employee login successful: sandeep@communikmarketing.com (Role: user)
[13-Sep-2025 14:38:09 UTC] Employee login successful: sandeep@communikmarketing.com (Role: user)
[14-Sep-2025 13:33:26 UTC] Employee login successful: sandeep@communikmarketing.com (Role: user)
[14-Sep-2025 16:13:00 UTC] Admin login successful: communikadmin@communikmarketing.com (Type: admin)
[14-Sep-2025 16:16:12 UTC] Admin login successful: communikadmin@communikmarketing.com (Type: admin)
[14-Sep-2025 19:23:31 UTC] Session validation failed: []
[15-Sep-2025 06:21:36 UTC] Employee login successful: sandeep@communikmarketing.com (Role: user)
[15-Sep-2025 06:23:10 UTC] Employee login successful: sandeep@communikmarketing.com (Role: user)
[15-Sep-2025 06:26:23 UTC] Employee login successful: sandeep@communikmarketing.com (Role: user)
[15-Sep-2025 06:27:58 UTC] Employee login successful: sandeep@communikmarketing.com (Role: user)
[15-Sep-2025 06:28:04 UTC] Employee login successful: ali.abbas@communikmarketing.com (Role: user)
[15-Sep-2025 06:30:11 UTC] Employee login successful: sandeep@communikmarketing.com (Role: user)
[15-Sep-2025 11:49:37 UTC] Employee login successful: usman.t@communikmarketing.com (Role: user)
[15-Sep-2025 14:51:41 UTC] Employee login successful: arslan@communikmarketing.com (Role: hod)
[15-Sep-2025 14:56:38 UTC] Employee login successful: sandeep@communikmarketing.com (Role: user)
[15-Sep-2025 15:22:49 UTC] Admin login successful: communikadmin@communikmarketing.com (Type: admin)
[15-Sep-2025 15:59:54 UTC] Session validation failed: []
[15-Sep-2025 16:00:10 UTC] Admin login successful: communikadmin@communikmarketing.com (Type: admin)
[15-Sep-2025 17:13:57 UTC] Employee login successful: usman.t@communikmarketing.com (Role: user)
[15-Sep-2025 18:16:51 UTC] Employee login successful: arslan@communikmarketing.com (Role: hod)
[15-Sep-2025 20:38:38 UTC] Employee login successful: arslan@communikmarketing.com (Role: hod)
[16-Sep-2025 06:53:06 UTC] Admin login successful: communikadmin@communikmarketing.com (Type: admin)
[16-Sep-2025 07:04:47 UTC] Admin login successful: communikadmin@communikmarketing.com (Type: admin)
[16-Sep-2025 07:28:05 UTC] Session validation failed: []
[16-Sep-2025 07:37:03 UTC] Admin login successful: communikadmin@communikmarketing.com (Type: admin)
[16-Sep-2025 08:52:53 UTC] Session validation failed: []
[16-Sep-2025 08:56:39 UTC] Session validation failed: []
[16-Sep-2025 08:59:57 UTC] Admin login successful: communikadmin@communikmarketing.com (Type: admin)
[16-Sep-2025 09:38:57 UTC] Admin login successful: communikadmin@communikmarketing.com (Type: admin)
[16-Sep-2025 10:12:37 UTC] Employee login successful: retention@communikmarketing.com (Role: user)
[16-Sep-2025 12:23:05 UTC] Session validation failed: []
[16-Sep-2025 12:23:08 UTC] Admin login successful: communikadmin@communikmarketing.com (Type: admin)
[16-Sep-2025 12:24:55 UTC] Admin login successful: support@communikmarketing.com (Type: admin)
[16-Sep-2025 13:01:33 UTC] Employee login successful: nanda@communikmarketing.com (Role: user)
[16-Sep-2025 14:17:49 UTC] Employee login successful: harry@communikmarketing.com (Role: user)
[16-Sep-2025 14:33:30 UTC] Employee login successful: tusharchopade9970@gmail.com (Role: user)
[16-Sep-2025 15:43:29 UTC] Session validation failed: []
[17-Sep-2025 06:35:45 UTC] Employee login successful: nanda@communikmarketing.com (Role: user)
[17-Sep-2025 07:56:54 UTC] Admin login successful: communikadmin@communikmarketing.com (Type: admin)
[17-Sep-2025 08:14:40 UTC] Employee login successful: retention@communikmarketing.com (Role: user)
[17-Sep-2025 11:37:38 UTC] Employee login successful: nanda@communikmarketing.com (Role: user)
[17-Sep-2025 12:19:21 UTC] Admin login successful: support@communikmarketing.com (Type: admin)
[17-Sep-2025 12:37:46 UTC] Session validation failed: []
[17-Sep-2025 13:15:14 UTC] Employee login successful: retention@communikmarketing.com (Role: user)
[17-Sep-2025 13:38:16 UTC] Admin login successful: support@communikmarketing.com (Type: admin)
[18-Sep-2025 04:44:06 UTC] Employee login successful: nanda@communikmarketing.com (Role: user)
[18-Sep-2025 06:13:57 UTC] Admin login successful: support@communikmarketing.com (Type: admin)
[18-Sep-2025 06:18:11 UTC] Admin login successful: support@communikmarketing.com (Type: admin)
[18-Sep-2025 06:25:14 UTC] Employee login successful: jashan@communikmarketing.com (Role: user)
[18-Sep-2025 06:29:46 UTC] Employee login successful: retention@communikmarketing.com (Role: user)
[18-Sep-2025 06:52:29 UTC] Employee login successful: nanda@communikmarketing.com (Role: user)
[18-Sep-2025 07:01:47 UTC] Admin login successful: support@communikmarketing.com (Type: admin)
[18-Sep-2025 07:31:27 UTC] Admin login successful: support@communikmarketing.com (Type: admin)
[18-Sep-2025 07:34:10 UTC] Admin login successful: support@communikmarketing.com (Type: admin)
[18-Sep-2025 09:30:07 UTC] No user found with email: sithik2912@gmail.com
[18-Sep-2025 11:53:16 UTC] Admin login successful: communikadmin@communikmarketing.com (Type: admin)
[18-Sep-2025 11:54:58 UTC] No user found with email: sithik@communikmarketing.com
[18-Sep-2025 11:55:23 UTC] No user found with email: sithik@communikmarketing.com
[18-Sep-2025 11:56:17 UTC] No user found with email: sithik@communikmarketing.com
[18-Sep-2025 11:56:40 UTC] No user found with email: sithik2912@gmail.com
[18-Sep-2025 11:56:53 UTC] No user found with email: sithik2912@gmail.com
[18-Sep-2025 13:37:03 UTC] Session validation failed: []
[18-Sep-2025 13:37:06 UTC] Admin login successful: communikadmin@communikmarketing.com (Type: admin)
[18-Sep-2025 13:54:33 UTC] Employee login successful: retention@communikmarketing.com (Role: user)
[18-Sep-2025 13:57:30 UTC] Employee login successful: nanda@communikmarketing.com (Role: user)
[18-Sep-2025 14:22:37 UTC] Session validation failed: []
[19-Sep-2025 01:41:47 UTC] Session validation failed: []
[19-Sep-2025 05:39:30 UTC] Admin login successful: support@communikmarketing.com (Type: admin)
[19-Sep-2025 06:33:30 UTC] Session validation failed: []
[19-Sep-2025 06:33:33 UTC] Admin login successful: communikadmin@communikmarketing.com (Type: admin)
[19-Sep-2025 07:06:36 UTC] Admin login successful: communikadmin@communikmarketing.com (Type: admin)
[19-Sep-2025 07:33:46 UTC] Admin login successful: communikadmin@communikmarketing.com (Type: admin)
[19-Sep-2025 09:35:17 UTC] Employee login successful: retention@communikmarketing.com (Role: user)
[19-Sep-2025 09:48:44 UTC] Session validation failed: []
[19-Sep-2025 09:48:47 UTC] Admin login successful: support@communikmarketing.com (Type: admin)
[19-Sep-2025 11:21:59 UTC] Session validation failed: []
[19-Sep-2025 12:30:37 UTC] Admin login successful: communikadmin@communikmarketing.com (Type: admin)
[19-Sep-2025 12:51:08 UTC] Admin login successful: communikadmin@communikmarketing.com (Type: admin)
[19-Sep-2025 12:55:50 UTC] Session validation failed: []
[19-Sep-2025 12:55:53 UTC] Admin login successful: support@communikmarketing.com (Type: admin)
[19-Sep-2025 13:30:08 UTC] Session validation failed: []
[19-Sep-2025 13:30:20 UTC] Admin login successful: communikadmin@communikmarketing.com (Type: admin)
[19-Sep-2025 13:38:28 UTC] Admin login successful: support@communikmarketing.com (Type: admin)
[19-Sep-2025 13:40:14 UTC] Admin login successful: communikadmin@communikmarketing.com (Type: admin)
[19-Sep-2025 13:58:27 UTC] Admin login successful: communikadmin@communikmarketing.com (Type: admin)
[20-Sep-2025 07:05:43 UTC] Admin login successful: support@communikmarketing.com (Type: admin)
[20-Sep-2025 07:53:21 UTC] Session validation failed: []
[20-Sep-2025 07:53:24 UTC] Admin login successful: communikadmin@communikmarketing.com (Type: admin)
[20-Sep-2025 08:36:03 UTC] Admin login successful: communikadmin@communikmarketing.com (Type: admin)
[20-Sep-2025 08:53:52 UTC] Admin login successful: communikadmin@communikmarketing.com (Type: admin)
[20-Sep-2025 10:51:02 UTC] Session validation failed: []
[20-Sep-2025 10:51:05 UTC] Admin login successful: communikadmin@communikmarketing.com (Type: admin)
[20-Sep-2025 11:16:49 UTC] Session validation failed: []
[20-Sep-2025 11:21:04 UTC] Admin login successful: support@communikmarketing.com (Type: admin)
[20-Sep-2025 11:44:27 UTC] Session validation failed: []
[20-Sep-2025 11:44:29 UTC] Admin login successful: communikadmin@communikmarketing.com (Type: admin)
[20-Sep-2025 13:36:33 UTC] Admin login successful: support@communikmarketing.com (Type: admin)
[20-Sep-2025 16:58:14 UTC] Employee login successful: shumaila@communikmarketing.com (Role: user)
[22-Sep-2025 06:02:59 UTC] Employee login successful: retention@communikmarketing.com (Role: user)
[22-Sep-2025 07:06:50 UTC] Admin login successful: support@communikmarketing.com (Type: admin)
[22-Sep-2025 07:34:02 UTC] Session validation failed: []
[22-Sep-2025 07:34:08 UTC] Admin login successful: communikadmin@communikmarketing.com (Type: admin)
[22-Sep-2025 10:04:22 UTC] Employee login successful: retention@communikmarketing.com (Role: user)
[22-Sep-2025 10:39:13 UTC] Employee login successful: arslan@communikmarketing.com (Role: hod)
[22-Sep-2025 11:29:06 UTC] Admin login successful: communikadmin@communikmarketing.com (Type: admin)
[22-Sep-2025 11:36:31 UTC] Admin login successful: communikadmin@communikmarketing.com (Type: admin)
[22-Sep-2025 11:43:42 UTC] Admin login successful: communikadmin@communikmarketing.com (Type: admin)
[22-Sep-2025 11:56:10 UTC] Employee login successful: arslan@communikmarketing.com (Role: hod)
[22-Sep-2025 12:03:18 UTC] Admin login successful: support@communikmarketing.com (Type: admin)
[22-Sep-2025 13:00:21 UTC] Session validation failed: []
[22-Sep-2025 13:00:24 UTC] Admin login successful: support@communikmarketing.com (Type: admin)
[22-Sep-2025 13:13:07 UTC] Session validation failed: []
[22-Sep-2025 13:42:17 UTC] Employee login successful: retention@communikmarketing.com (Role: user)
[22-Sep-2025 13:52:23 UTC] Employee login successful: retention@communikmarketing.com (Role: user)
[22-Sep-2025 13:59:11 UTC] Employee login successful: shumaila@communikmarketing.com (Role: user)
[22-Sep-2025 22:48:35 UTC] Employee login successful: ftoohweezy@gmail.com (Role: user)
[23-Sep-2025 05:47:38 UTC] Admin login successful: communikadmin@communikmarketing.com (Type: admin)
[23-Sep-2025 06:21:26 UTC] Employee login successful: hr@communikmarketing.com (Role: hr)
[23-Sep-2025 06:52:50 UTC] Admin login successful: communikadmin@communikmarketing.com (Type: admin)
[23-Sep-2025 07:18:27 UTC] Admin login successful: support@communikmarketing.com (Type: admin)
[23-Sep-2025 11:24:28 UTC] Session validation failed: []
[23-Sep-2025 11:25:39 UTC] Admin login successful: communikadmin@communikmarketing.com (Type: admin)
[23-Sep-2025 11:40:07 UTC] Session validation failed: []
[23-Sep-2025 11:55:08 UTC] Password verification failed for employee: sameer@communikmarketing.com
[23-Sep-2025 11:55:32 UTC] Password verification failed for employee: sameer@communikmarketing.com
[23-Sep-2025 11:56:24 UTC] Employee login successful: arslan@communikmarketing.com (Role: hod)
[23-Sep-2025 12:05:23 UTC] Password verification failed for employee: sameer@communikmarketing.com
[23-Sep-2025 12:08:32 UTC] Session validation failed: []
[23-Sep-2025 12:08:35 UTC] Admin login successful: communikadmin@communikmarketing.com (Type: admin)
[23-Sep-2025 12:58:15 UTC] Admin login successful: communikadmin@communikmarketing.com (Type: admin)
[24-Sep-2025 06:28:33 UTC] Employee login successful: retention@communikmarketing.com (Role: user)
[24-Sep-2025 07:00:16 UTC] Admin login successful: communikadmin@communikmarketing.com (Type: admin)
[24-Sep-2025 07:57:58 UTC] Admin login successful: support@communikmarketing.com (Type: admin)
[24-Sep-2025 09:56:53 UTC] Admin login successful: communikadmin@communikmarketing.com (Type: admin)
[24-Sep-2025 11:07:42 UTC] Admin login successful: support@communikmarketing.com (Type: admin)
[24-Sep-2025 18:24:23 UTC] Session validation failed: []
[24-Sep-2025 18:24:24 UTC] Session validation failed: []
[24-Sep-2025 18:24:24 UTC] Session validation failed: []
[24-Sep-2025 18:24:27 UTC] Session validation failed: []
[24-Sep-2025 18:24:28 UTC] Session validation failed: []
[24-Sep-2025 18:24:28 UTC] Session validation failed: []
[25-Sep-2025 06:36:54 UTC] Session validation failed: []
[25-Sep-2025 06:37:10 UTC] Admin login successful: communikadmin@communikmarketing.com (Type: admin)
[25-Sep-2025 06:47:48 UTC] Admin login successful: support@communikmarketing.com (Type: admin)
[25-Sep-2025 07:04:41 UTC] Admin login successful: communikadmin@communikmarketing.com (Type: admin)
[25-Sep-2025 07:05:24 UTC] Admin login successful: communikadmin@communikmarketing.com (Type: admin)
[25-Sep-2025 08:55:46 UTC] Password verification failed for employee: cv@communikmarketing.com
[25-Sep-2025 08:56:03 UTC] Password verification failed for employee: cv@communikmarketing.com
[25-Sep-2025 08:59:29 UTC] Password verification failed for employee: cv@communikmarketing.com
[25-Sep-2025 09:00:45 UTC] Employee login successful: saira@communikmarketing.com (Role: user)
[25-Sep-2025 09:02:30 UTC] Employee login successful: cv@communikmarketing.com (Role: user)
[25-Sep-2025 09:27:42 UTC] Employee login successful: hr@communikmarketing.com (Role: hr)
[25-Sep-2025 09:47:23 UTC] Admin login successful: support@communikmarketing.com (Type: admin)
[25-Sep-2025 09:48:25 UTC] Admin login successful: communikadmin@communikmarketing.com (Type: admin)
[25-Sep-2025 09:51:05 UTC] Employee login successful: usman.t@communikmarketing.com (Role: user)
[25-Sep-2025 10:17:01 UTC] Password verification failed for employee: cv@communikmarketing.com
[25-Sep-2025 10:17:28 UTC] Password verification failed for employee: cv@communikmarketing.com
[25-Sep-2025 10:17:42 UTC] Employee login successful: cv@communikmarketing.com (Role: user)
[25-Sep-2025 11:24:09 UTC] Session validation failed: []
[25-Sep-2025 11:24:12 UTC] Admin login successful: support@communikmarketing.com (Type: admin)
[25-Sep-2025 11:36:41 UTC] Session validation failed: []
[26-Sep-2025 07:19:21 UTC] Admin login successful: support@communikmarketing.com (Type: admin)
[26-Sep-2025 08:01:05 UTC] Employee login successful: cv@communikmarketing.com (Role: user)
[26-Sep-2025 09:48:51 UTC] Admin login successful: support@communikmarketing.com (Type: admin)
[26-Sep-2025 12:09:07 UTC] Admin login successful: support@communikmarketing.com (Type: admin)
[26-Sep-2025 14:04:14 UTC] Employee login successful: cv@communikmarketing.com (Role: user)
[27-Sep-2025 06:22:05 UTC] Employee login successful: cv@communikmarketing.com (Role: user)
[27-Sep-2025 06:25:47 UTC] Admin login successful: communikadmin@communikmarketing.com (Type: admin)
[27-Sep-2025 07:22:01 UTC] Session validation failed: []
[27-Sep-2025 09:50:58 UTC] Session validation failed: []
[27-Sep-2025 09:51:08 UTC] Admin login successful: communikadmin@communikmarketing.com (Type: admin)
[27-Sep-2025 11:45:49 UTC] Session validation failed: []
[27-Sep-2025 13:33:35 UTC] Admin login successful: communikadmin@communikmarketing.com (Type: admin)
[29-Sep-2025 04:33:48 UTC] Admin login successful: communikadmin@communikmarketing.com (Type: admin)
[29-Sep-2025 09:53:00 UTC] Session validation failed: []
[29-Sep-2025 10:28:21 UTC] Employee login successful: cv@communikmarketing.com (Role: user)
[29-Sep-2025 19:39:52 UTC] Employee login successful: rehmat@communikmarketing.com (Role: user)
[30-Sep-2025 08:08:37 UTC] Session validation failed: []
[01-Oct-2025 19:38:49 UTC] PHP Warning:  require(PHPMailer\PHPMailer.php): Failed to open stream: No such file or directory in /home/rltnewmd/communik.san-solutions.in/forgot_password.php on line 8
[01-Oct-2025 19:38:49 UTC] PHP Fatal error:  Uncaught Error: Failed opening required 'PHPMailer\PHPMailer.php' (include_path='.:/opt/alt/php82/usr/share/pear:/opt/alt/php82/usr/share/php:/usr/share/pear:/usr/share/php') in /home/rltnewmd/communik.san-solutions.in/forgot_password.php:8
Stack trace:
#0 {main}
  thrown in /home/rltnewmd/communik.san-solutions.in/forgot_password.php on line 8
[02-Oct-2025 05:15:34 UTC] Admin login successful: communikadmin@communikmarketing.com (Type: admin)
[02-Oct-2025 07:40:48 UTC] Session validation failed: []
[02-Oct-2025 11:48:19 UTC] Session validation failed: []
[02-Oct-2025 14:43:16 UTC] Employee login successful: suheb@communikmarketing.com (Role: user)
[02-Oct-2025 14:51:13 UTC] Employee login successful: suhail@communikmarketing.com (Role: user)
[02-Oct-2025 14:52:23 UTC] Employee login successful: suheb@communikmarketing.com (Role: user)
[02-Oct-2025 14:53:15 UTC] Employee login successful: suhail@communikmarketing.com (Role: user)
[04-Oct-2025 10:52:32 UTC] Employee login successful: arslan@communikmarketing.com (Role: hod)
[04-Oct-2025 11:16:53 UTC] Employee login successful: arslan@communikmarketing.com (Role: hod)
[04-Oct-2025 15:13:25 UTC] Session validation failed: []
